אמסלם מתחיל לעבוד למען החברים: קידום הערוצים שמזוהים עם הימין - 20 ו-i24	1
אלטיס נכנסת לתחרות מול אמזון: משיקה שלט רחוק קולי	0
לא תרבות ולא תוכן, מקדם המכירות של HOT ו-yes הוא כוח	1
ירידה של 14% בהכנסות HOT משוק הכבלים	1
תחזית HOT לרבעון השני: ירידה קלה בהכנסות, נסיגה ב-EBITDA	1
פטריק דרהי	2
איש העסקים הישראלי-צרפתי פטריק דרהי רוכש את סותבי'ס תמורת 37 מיליארד	2
תיק 4000 ממשיך להתפורר: העיתונאי אלי ציפורי חושף מסמך משמעותי	2
איתות לגבעת הקפיטול? דרהי מרחיב את הסיקור התקשורתי בארה"ב	0
הוט שומרת ברבעון השני על רמת הכנסות דומה לרבעון הראשון	0
אמסלם עשה סיבוב על הפריפריה עם הטבה ל־HOT	1
דיווח: אלטיס רוצה למכור את האחזקות בישראל; HOT מכחישה	2
חייבים להעלות את מחירי הסלולר? שש סיבות לאופטימיות בשוק התקשורת	0
מוויסקי ועד אקדחים: 11 העסקים העתיקים ביותר בעולם שעדיין פועלים	0
מתעניינת חדשה ברכישת אתר וואלה: קבוצת התקשורת הוט	0
HOT בוחנת הכנסת שותף אסטרטגי לפריסת תשתית הסיבים האופטיים בישראל	0
HOT מנסה למכור את השליטה בהוט טלקום – בתנאי לשדרוג הרשת	0
התרגילים של פטריק דרהי, בעל השליטה בחברת הוט	1
ערוץ i24 news יעלה לשידור לראשונה בארץ	0
דרהי מצא שותף אסטרטגי? פרטנר במגעים להשקעה נרחבת בהוט	0
אלטיס של פטריק דרהי מתפצלת; המניה מתרסקת במסחר באמסטרדם	1
האיש העשיר בישראל מפצל את אימפריית הטלקום והכבלים הבינלאומית שלו	2
המיליארדר פטריק דרהי הוא כבר לא האיש העשיר ביותר בישראל	2
"כולם, גם בישראל, כתבו שהוא האיש עם מגע הקסם"	0
האם "גוף בינלאומי ענקי" באמת רוצה להקים ערוץ טלוויזיה בישראל?	1
פטריק דרהי מנסה לכבוש את הטלוויזיה האמריקאית	0
אחותו של כחלון מחלקת את כספי פטריק דרהי	1
תביעה ב־117 מיליון שקל נגד פטריק דרהי על תרמית נדל"ן	1
הרגע שבו המיליארדר הישראלי מהוליווד לא חש גועל מבני הזוג נתניהו	1
9000 מנויים עזבו את שירותי הטלוויזיה והאינטרנט של הוט ברבעון השלישי	1
סרט טבע בגרסת פטריק דרהי: המוטו של האיש העשיר בישראל	2
למרות החשאיות: אייס עם חלק מנתוני הצפייה של i24NEWS	2
עסקי התקשורת של דרהי: אלטיס USA נפרדה מחברת-האם	1
כשל בתקשורת: מדוע התרסקה מניית אלטיס של דרהי ב-22%?	1
פטריק דרהי השלים את הנפקת הטלקום הגדולה ביותר בארה"ב זה 17 שנים	0
הבעלים של HOT, פטריק דרהי, הפסיד היום מיליארד דולר	1
אלטיס USA של פטריק דרהי, בעלי הוט, תגייס השבוע 350 מ' ד'	0
ניו יורק טיימס מתפעל מהבעלים של הוט: שווה 17 מיליארד דולר ועדיין קובע פגישות	0
האנשים הכי עשירים בישראל	0
פטריק דרהי, הבעלים של HOT, במו"מ לרכישת "ידיעות אחרונות"	0
פטריק דרהי נחוש: ממזג חברות כדי להתכונן לרכישות גדולות	0
אלטיס, בעלת HOT הישראלית, נקנסה ב־1245 מיליון יורו בשל עבירה על חוקי	1
סגירה חיובית בוול-סטריט: פייסבוק זינקה ביותר מ-4%; לופטנזה צנחה 11% וגררה	0
ארה"ב: אלטיס של פטריק דרהי רכשה 70% מחב' הכבלים סדנלינק קומיוניקיישנס	2
אלטיס של דרהי מתכוונת להשתלט על SFR ולמחוק אותה מהמסחר בפריז	2
האיש העשיר בישראל: פטריק דרהי	0
"עובדה": HOT שכרה את בלאק קיוב - שתיכננה לשלוח נערת פיתוי לגיא לרר	1
פטריק דרהי מתכנן עסקת ענק וחושף את שווי הערוץ i24	0
פטריק דרהי: לא מרוויח שקל מ-i24News	1
משרד התקשורת מנסה לגייס חברות אמריקאיות לניסוי הדור החמישי	2
הבעלים של גולן טלקום לשעבר איבד 67 מיליארד דולר	1
פטריק דרהי מציג: רה-ארגון של עסקי המדיה	0
מיתוג מחדש: HOT תחליף את שמה לאלטיס - כמו החברה האם	2
הדו"ח שלא פורסם בישראל: HOT איבדה עוד אלפי מנויים למרות מאמצי שיווק	1
וול סטריט: סותבי'ס זינקה ב-58%, פייסבוק עלתה ב-42%	0
לא עוצר: מאז נקבע ערכו לפני כשבועיים, זינק הונו של פטריק דרהי בעוד מיליארד דולר	0
פטריק דרהי רכש מתחם לעשרות דירות בת"א	2
פטריק דרהי מציג: כך רכשתי את הוט בזול והנפקתי אותה ביוקר	0
הבעלים של HOT התעשר היום ב-940 מיליון דולר; מפטר שליש מעובדי חברת	1
סדר חדש בשוק התקשורת? רשות התחרות רוצה להפריד מחדש את פעילות בזק ו	2
להתראות HOT: החברה משנה את שמה ל"אלטיס" בעלות של עשרות מיליוני שקלים	2
עונש חריג: שנת מאסר בצרפת לסופר שהתבטא באנטישמיות	1
הוט עושה בית ספר לרגולציה: איך מקבלים בלי לתת	1
הישרדות גרסת הוט: יודעת שעתידה תלוי בסיבים אופטיים אך מסרבת להשקיע	1
"אם מרגישים ששלום הוא חלום, זה בגלל התקשורת העולמית"	2
תעלומה: למה הוט קיבלה הטבה רגולטורית של עד מיליארד שקל	1
הלאונג' חקר המוח של דרהי ממשיך לפרוץ גבולות	0
פטריק דרהי - בין חמשת המתעשרים הגדולים בעולם	0
קריסה של 97%: HOT סיימה את 2015 עם רווח נקי של 7 מיליון שקל	1
HOT שומרת על שמה בישראל – אבל עוברת מיתוג מחדש	0
הלאונג' סוגרים שבוע עם מרכב הפינטק הראשון	0
דיבידנדים: פטריק דרהי בשדרה	0
הקרב נגמר: צ'רטר קונה את טיים וורנר כייבל	0
תכירו: האנשים החזקים ב-HOT שמנהלים אותה בשלט רחוק - ומדוע ויתרה על	2
שנה חזקה ל-HOT למרות נטישת המנויים; שכר המנכ"לית - 31 מיליון שקל	0
דיבידנדים - השכן של פטריק דרהי: המתחרה שהפסיד במכרז הסלולר	0
ערוץ i24news מועמד לפרס אמי 2017 בקטגורית החדשות	0
איך הוט גייסה ומימנה את הפרסומת עם כריסטיאנו רונאלדו?	2
הסתיים הכשל הרגולטורי: ערוץ i24News ישודר גם בישראל	0
"וראייטי": אבי ניר בין 500 המשפיעים על תעשיית הבידור העולמית	0
הצעת הרכש נענתה ודרהי יצא מהבורסה: HOT חדלה להיות חברה ציבורית	2
מי תרכוש את וואלה? הוט הציעה 60 מיליון שקל במזומן; רשת הציעה 80 מיליון	2
500 העשירים של ישראל: המשקיע שכבש את הפיסגה עם 165 מיליארד דולר	0
הכנסת אישרה: ערוצי i24 news יעלו לשידור בישראל	0
השר כחלון פועל תוך ניגוד עניינים; הטבות לפטריק דרהי במיליארדים	1
מפנים מקום?	2
משבר השירות ב-HOT: זינוק בכמות התלונות ונטישה של אלפי מנויים	1
הרשת החברתית: כמה כסף נאסף בערב הגאלה של הדסה אינטרנשיונל?	2
דרהי מנסה למחוק את HOT מהמסחר בפרמיה של 125%	1
רומן ישראלי: כך מצא עצמו רומן אברמוביץ' במשבצת העולה החדש	1
דודי גרשון יחנוך מרכז פינטק בירושלים	0
טל גרנות-גולדשטיין: "הוט בתקופה הטובה בעשור האחרון"	0
הושלמה מכירת מירס לפטריק דרהי	0
מנכ"ל ערוץ i24news: "יש לנו בעיה עם הביורוקרטיה הישראלית"	1
בלעדי ל"כלכליסט": דיסקונט ומזרחי טפחות יממנו לדרהי את רכישת מניות HOT	2
הלב ההיסטורי של תל-אביב הופך לשכונת וילות	2
עובדים ב-i24news מלינים על "התעמרות ממושכת" ותנאים קשים	1
דרוג עשירי העולם של פורבס 2018: ג'ף בזוס במקום הראשון • אייל עופר הוא	0
פטריס ג'יאמי מונה ליו"ר הדירקטוריון של HOT	0
הוט מובייל דוחפת את הוט: ההכנסות גדלו ל-42 מיליארד שקל	0
i24news מגייס כ-15 עובדים לאולפנים בארה"ב	2
i24 news של דרהי ומלול מתקרבת לממיר הישראלי מי ירוויח?	2
בתה של עפרה שטראוס סיימה קורס קצינים בהצטיינות	0
הג'וב האיטלקי של עמוס גניש	1
מילד בקיבוץ לבעלים של אימפריית נדל"ן חובקת עולם: ככה הופכים למיליארדרים	0
הדירוג שחושף: אלו עשירי ישראל	2
דירוג פורבס: כל 100 העשירים של ישראל הם מיליארדרים	0
הון אנושי: מסיבה עברית	2
מיכאל גולן הסתבך עם האנטנות	1
מה גרם להוט לחזור בה מהורדת ערוצי יורוספורט?	2
מיזם הסיבים הונשם אבל התשתיות עמוק בתרדמת	1
הלאונג' סוגר שבוע עם הבכירים של דרהי	2
"אל-אח'באר": "i24news - פלטפורמה ציונית, באמתלה של ערוץ אירופאי”	1
אל ג'זירה הישראלית עולה לשידור; האם התחנה תצליח לשנות את התדמית של	2
ואז החוקרים דפקו בדלת: האם סטלה הנדלר הלכה רחוק מדי?	1
אם אתה לא יכול להתחרות בהם תחבור אליהם: הוט נכנעת למגמה ומתחילה לשווק	0
ארגון העיתונאים הכריז על סכסוך עבודה ב-i24news	1
מיהם עשירי ההיי-טק של ישראל?	0
כביסה חמה	2
קבוצת סבן מגיבה לדרהי: "פרטנר אינה למכירה"	2
על רקע השינויים ב-HOT: סמנכ"לית השיווק פורשת	2
בעיית השירות בהוט: נטישת לקוחות המונית - תרחיש אפשרי	1
מיהו הישראלי העשיר ביותר?	0
כך ניסו בנימין נתניהו ונוני מוזס להשתלט על התקשורת בישראל	1
מגייסים פה: גם אדר פרימור מצטרף ל-i24news	2
קיפאון בהכנסות קבוצת הוט: הרווח הנקי עלה ל-44 מיליון שקל	0
כסף לעורכי דין יש לה: סטלה הנדלר קיבלה 70 מיליון שקל ב-15 שנה	2
הכירו את תל אביב טלקום: חברת השירותים הסודית של HOT	2
דיבידנדים: נילי קריב וג'ניס גילרמן מככבות באופרה "טירתו של כחול הזקן"	2
בחירת G: המהלכים העסקיים המסוכנים של 2011	1
נתניהו נחקר בחשד שהתנכל לאלוביץ; הגילוי: מוזס זכה מחוק שהוביל פילבר	1
i24news - חדשות או תעמולה?	1
בית הכנסת הגדול בתל אביב: כך הוא ייראה בקרוב	2
השינויים בקבוצת הוט מסמלים מיזוג דה פקטו	2
דוחות הוט: ירידה בהכנסות מגזר הכבלים ב-2017	1
תתכוננו נשמות: כריסטיאנו רונאלדו חוזר בקמפיין חדש לסדרות של הוט	0
השיחה: חגיגה טלוויזיונית ב-3 שפות	0
השיחה: מנהלים בכירים עולים על מדים	2
HOT מסכמת את 2016: עלייה של 2% בהכנסות שהסתכמו ב-405 מיליארד שקל	0
הלאונג' סוגרים שבוע עם "מכון סגול לאריכות ימים"	2
עולים בפוטנציה	1
דיבידנדים: מנכ"ל דש ניירות ערך הפורש בונה וילה יקרה במיוחד	2
עכשיו כולם יודעים: אין דבר כזה “תקשורת אובייקטיבית”	1
"הפכתם את מיכאל גולן מגיבור לבנדיט"	1
הון אנושי: הלם בהיכל	2
כל המאבקים בדרך לתחרות בטלוויזיה הרב־ערוצית	2
הלאונג' פורח: עטר משנה את הלוקיישן של ט"ו בשבט	2
היורו ברצף הירידות הארוך מעולם; וול סטריט סגרה שבוע חיובי שמיני מתוך תשעה	2
רונאלדו מצייץ: "אני מופיע בפרסומת לוהטת בישראל" - ואיך הגולשים הערבים הגיבו?	0
הרצל עוזר פורש מהוט עם שכר מצטבר של מעל 41 מיליון שקל	0
עם חיוך סחבקי ומתחת לרדאר: כך הגיעה הנדלר לראש קבוצת התקשורת הגדולה	0
פרטנר רוכשת את 012 סמייל לפי שווי של 15 מיליארד שקל	0
"ההנהלה מבזה את העובדים"	1
סטלה הנדלר צפויה להתמנות למנכ"לית בזק	2
500 העשירים: האיש שחזר לפיסגה עם 83 מיליארד דולר	0
לילך טל, סמנכ"לית הרגולציה והתקשורת של הוט, פורשת	2
כך תכנן סיידוף לרכוש את בזק - דרך חברה מאיי הבתולה	1
סרט האימה של HOT ו-yes רק בתחילתו	1
מתחילים: i24NEWS פרסם את שמות המגישים ולוח השידורים בארה"ב	0
מירס מפטרת עשרות עובדים	1
חן למדן ואלונה בר און רוכשים את גלובס ב-29 מיליון שקל; מודי פרידמן יכהן כיו"ר	2
אל ג'זירה כן, אבל אנחנו לא?	1
נסגרה העסקה: כתר פלסטיק תימכר ל-BC פרטנרס לפי שווי של 17 מיליארד דולר	2
תחקיר: כך איבדה הציונות הדתית את המקום שבו גובשה דמותה הרוחנית	1
עו"ד קלגסבלד מכר את דירתו במגדל רוטשילד 1 ב-44 מ' ש'	2
פרשת הטכנאים: מי בעצם מבצע עבודות קבלן עבור הוט?	1
מאה היהודים המשפיעים בעולם	0
הוט מציגה: טלוויזיה, טלפון ואינטרנט בקופסה אחת	0
השיחה: דרהי ועוזר מארחים, אלכס גלעדי מעניק לפיד	0
הסלולר יתניע את שוק הפרסום	0
הוט מובייל החלה בפיילוט לקראת ההשקה	0
צלם אוויר תובע את ערוץ I24 news: "העלו תמונות בלי אישור וחתכו הקרדיט שלי"	1
המהלך המפתיע של היום: מנכ"ל HOT הרצל עוזר פורש, אילן צחי מונה למחליף	2
פרסום ראשון: הסכם תוכן חדש בין חדשות 2 ל-i24news	0
שידורי הליגה הספרדית יעברו ל-one	2
FRANCE 24 יעלה ב-HOT גם בערבית	2
שירת הברבור של ענף הסלולר	0
אושרה רכישת השליטה של פרטנר ב-012 סמייל	0
ב-500 העשירים בישראל: כ"ק האדמו"ר מגור שליט"א	0
דיבידנדים: אברשה בורשטיין משיק את הרשת החדשה	0
נוני מוזס מנהל מו"מ לצירוף שותף זר לידיעות אחרונות - לפי שווי של מיליארד שקל	2
HOT חתמה על חוזה חדש לשנתיים עם ערוץ הילדים	0
תחקיר G: מי הוביל לפסילתו של חזי בצלאל ממכרז הסלולר?	1
איזהו עשיר	0
המימושים סידרו לקבוצת דלק רווח נקי של 424 מיליון שקל ברבעון הרביעי	0
אורנג' בדרך החוצה? פרטנר כבר בונה תוכנית לפרידה מהמותג	1
לא רק ליהודים ואוונגליסטים: i24news מכוונת לאמריקאים	0
בחזרה למדיניות החיסולים	1
HOT ממנה את אייל קרמר לסמנכ"ל שירות לקוחות חדש	2
משרד יגאל ארנון מגייס 9 עו"ד חדשים ומשדרג לשותפות 4 שכירים	0
מנכ"לית HOT: "אנחנו במלחמה על תשומת לבו של צרכן שאומר לנו 'אני רוצה	0
ביל גייטס שב למעמדו כאיש העשיר בעולם עם 76 מיליארד דולר	0
יהודים צרפתים משקיעים עשרות מיליונים בישראל	0
שירות הלקוחות בחברת הוט רושם שפל חסר תקדים	1
17 ישראלים בדירוג המיליארדרים של פורבס: אייל עופר העשיר ביותר מביניהם	0
"נשים צריכות לדעת שאין תקרת זכוכית"	2
בכירים נוספים עוזבים את חברת הייעוץ גיזה	1
מיזוג yes חושף את בזק להפסד של מאות מיליוני שקלים	1
השיחה: איריס בק ואורנה אנג'ל מבקרות בנמל ת"א	2
הון אנושי: אולמרטיטוֹ	1
פירמת רו"ח ארנסט אנד יאנג איבדה הכי הרבה לקוחות מתחילת 2015	1
הון אנושי: אקמולי במשכן	2
כך יבנה נתניהו שוק תקשורת שלא יעצבן אותו	1
השיחה: מוריס קאהן משדך	2
יו"ר טאסק על הערכת השווי של אידיבי פתוח: "ידענו שיתקיפו אז החמרנו עם עצמנו"	1
לא פראייר: כך מיתג עצמו מיכאל גולן כמי שלא עוסק במיתוג	2
פרנויית מוזס	1
31 קבוצות במשק שולטות ב-2500 חברות	1
בלעדי ל"כלכליסט" - דירוג האיכות של D&B למשרדי עוה"ד: המשרדים הענקיים	2
רעידת אדמה בנונילנד: האם מתקרב הקץ לשליטתו של מוזס ב"ידיעות אחרונות"?	1
מיכאל גולן: נוריד את מחירי התקשורת בישראל כפי שעשינו בצרפת	0
ניתוח "כלכליסט" - שוק התקשורת: יותר שחקנים, יותר תחרות?	0
HOT מובייל החלה לשווק חבילות סלולר ב-89 ש'	0
מלכוד קופמן	1
נתניהו קיבל עוצמה חסרת תקדים בתחום התקשורת מה יעשה בה?	1
תל אביב לבשה חג: המסחר בבורסה ננעל בעליות חדות במחזור גבוה	0
שנה אחרי המהפכה	2
זקנים חסרי מנוח	0
כוח נשי: המנהלות החזקות ביותר במשק	0
רוטשילד 1 - אצולת הכסף	0
ירידה של 14% בהכנסות HOT משוק הכבלים - שוק ההון	1
למרות התחרות: הוכפל מספר המצטרפים לשירותים הנייחים של HOT ברבעון	0
הוט צמחה ב-6,000 מנויי כבלים ברבעון השני ב-2019 - אך ההכנסות נחתכו	1
איש העסקים הישראלי-צרפתי פטריק דרהי רוכש את סותבי'ס תמורת 37 מיליארד דולר - פרמיה של 61%	0
פטריק דרהי רכש את סותבי'ס ב-37 מיליארד דולר; המניה מזנקת ב-60%	0
פטריק דרהי רוכש את בית המכירות הפומביות סותבי'ס תמורת 37 מיליארד דולר	0
סותבי'ס נמכרה לדרהי תמורת 37 מיליארד דולר	0
פטריק דרהי ברכישה של 37 מיליארד דולר - וול סטריט	2
HOT מנסה למכור את השליטה בהוט טלקום – בתנאי לשדרוג הרשת	2
עקב מצוקת מזומנים והצורך הדחוף בשדרוג תשתיות: הוט מוכרת עד 75% מהוט טלקום	1
ערוץ i24 news יעלה לשידור לראשונה בארץ	0
i24 news משיק אפיק ב-HOT: ערוץ חדשות חדש בישראל	0
לראשונה בישראל: ערוץ i24news החל לשדר ב-HOT	2
ערוץ החדשות הבינלאומי i24NEWS החל את שידוריו בישראל	2
ערוץ החדשות i24NEWS מתחיל לשדר מישראל	2
בקרוב בעברית? ערוץ החדשות הבינלאומי - בישראל	2
i24NEWS מתחיל לשדר בישראל; צפוי להעלות ערוץ בעברית	2
תקלה בשידור	1
ערוץ החדשות i24NEWS החל לשדר בארץ	2
ערוץ i24NEWS ישדר בישראל	2
ערוץ החדשות I24 NEWS מתחיל לשדר מישראל	2
משפחת ורטהימר	2
עשור למות עמוס קינן: המשפחה והחברים על אחד הכותבים הגדולים שהיו כאן	0
השואה מזווית אחרת	1
הון אנושי: קום, תעשה מדינה	0
הושלם שלב נוסף בהרחבת גן התעשייה תל חי של סטף ורטהיימר	0
אייל עופר בראש: אלה 21 הישראלים העשירים ביותר בעולם עפ"י פורבס	0
21 ישראלים ברשימת עשירי העולם; ואיפה דונלד טראמפ	0
החדשות - דירוג פורבס: אלה העשירים בעולם	0
פורבס' מדרג את עשירי העולם: ומי האיש העשיר בישראל?	0
הלאונג': סוגרים שבוע עם החגיגה של ורטהיימר	2
כך השתלט איתן ורטהיימר על מתחם השוק היווני ביפו	0
איתן ורטהיימר רכש וילה בכיכר המדינה בתל אביב ב-20 מיליון שקל	2
מכונת מזומנים: הצצה נדירה למספרים המדהימים של ישקר - ואיך החזיר באפט את	2
הלאונג' ורטהיימר מיפו ולעולם	2
פסגת הרמב”ם ה-10: ועידה מדעית מלהיבה וערב גאלה נוצץ	2
איתן ורטהיימר: "עסקים משפחתיים - הכי נכון לא להעביר הלאה"	2
איתן ורטהיימר אחרי מכירת להבים: "אין סיבה שהמפעל יעבור לחו"ל"	0
ראיון עם איתן ורטהיימר: "חוזרים לכלכלה האמיתית"	0
הלאונג' טוני בלייר אורח כבוד	2
וואלה! ביז: ורטהיימר מארחת בגלריה	2
ורטהיימר מציגה: החופש להשתחרר	0
איתן ורטהיימר רכש את בית בכר ברוטשילד ב-32 מ' שקל	2
דיבידנדים: איפה בילה איתן ורטהיימר?	2
הילדים הכי עשירים בישראל	2
המיליונים בדרך לראשות העירייה: רשימות התורמים נחשפות	1
חלום ב-70 מיליון דולר: המטוסים הפרטיים של האלפיון העליון בישראל	0
מנהל רמב"ם הפורש: "אנשים לא יוצאים לרחובות בגלל מערכת בריאות קורסת לכן	1
הלאונג' פרס מפעל החיים של דליה איציק	0
עמותת טק קריירה חיפשה ומצאה פוטנציאל ב-eBay	0
באפט רוכש 20% ממניות ישקר ממשפחת ורטהיימר ב-205 מיליארד ד'	0
בוא נדבר תכל'ס, כמה כסף צריך כדי שיהיה לי מטוס פרטי?	2
מי חגג יום הולדת משולש במסעדת "קוואטרו"?	2
סטף ואיתן ורטהיימר: כסף זה לא העיקר	0
הסתיימה השביתה בטכנולוגיית להבים; מו"מ להעלאת שכר	0
הלאונג' תמיד באופנה עם בוגרי שנקר	2
"דני גולדמן ויעקב הרפז מישקר מועמדים לרשת את וורן באפט"	0
קוויק צ'ק, בה השקיעו בר רפאלי ושמואל חרלפ, נכנסה להקפאת הליכים	1
דיבידנדים: גליה מאור נוזפת	1
הלאונג' סוגר שבוע עם ערב ההוקרה של רואי החשבון	2
"אסף ורטהיימר ברח כשסטודיו B נקלע לקשיים"	1
הרשת החברתית: מי הגיע לאירוע ההתרמה של לקט ישראל?	2
תחקיר "גלובס": רמב"ם מתעקש להקים מגדל בבעלות פרטית	2
55 צעירות וצעירים ערבים החלו לימודיהם בטכניון בפרוייקט "נוער ערבי מצטיין	0
המונולוגים של עובדי ישקר: "השכר נמוך, מתחילים את היום ב-6:45, דקות עישון	1
בכירים בבורסת היהלומים: פרשת לבייב הרבה יותר מתוחכמת מסתם העלמת מס	1
הזוג קיילי תרם 12 מיליון שקלים למרכז הרפואי רמב"ם	2
הושלמה עסקת ישקר: באפט משלם 4 מיליארד דולר	2
הלאונג' אלי, הבת של אילן שילוח ושירה מרגלית כובשת את המסך	0
הנהג שדרס ארבע נערות בקיסריה הסגיר עצמו	1
הרשת החברתית: יובל בנאי משיק חנות לתוצרת גלילית	0
מי הגיע לברך את הנגידה קרנית פלוג על הישגיה?	0
הון-סגנון-שלטון תחת חופה אחת: מה תלבש מאיה ורטהיימר לחתונה?	2
מסע מדברי אצל חלוצים	2
הלאונג' צ'יימברס מחלל באתגר דיגיטלי	2
דירוג מאה עשירי ישראל של פורבס: פטריק דרהי כובש את הפסגה עם 35 מיליארד	0
זומבים עם נוף לים	1
השיחה: עובדי סמסונג חוגגים עם אביב גפן	0
השיחה: יוסי ורדי ויהודה ברוניצקי בארוחת בוקר חגיגית	0
חברת טוליפ גייסה 13 מיליון דולר כדי לחבר גם את עובדי המפעלים למהפיכת ה-IoT	2
הפסקת אש: בני גנץ חוגג בר מצווה לבנו	0
עיתונות לוחמת: הקרב על ירושת מוטי קירשנבאום ז"ל	1
עו"ד קלגסבלד מכר את דירתו במגדל רוטשילד 1 ב-44 מ' ש'	2
רפואה VIP: "גלובס" חושף את יומני הפגישות של שלושת מנהלי בתי החולים	2
השיחה: מוטי רייף גאה להציג	2
הלאונג' סוגרים שבוע עם סבן ואולמרט בדיונים אסטרטגים	2
"שיווק מפה לאוזן, זה הסוד"	2
הרחוב בנהריה בו נוסדו 3 תעשיות ענק	2
למה כולם היום 'מנהלים'?	1
המלצות לבילויים עם הילדים בחופש	2
השיחה: לפיד ואריסון חוגגים יום הולדת 50 לעינת שרוף	2
נייס רוכשת את אורסוס במיליוני דולרים	0
תחת חקירה: "נוחי דנקנר 'קטן' ליד איתי שטרום הוא 'שועל'"	1
ההתרסקות של לבייב: הפסד של 33 מיליארד שקל	1
האם שלמה נחמה התחמק ממס שבח במכירת דירת יוקרה?	1
וורן באפט - איך לרכוש חברים, להשפיע על אנשים ולהרוויח 50 מיליארד דולר	0
קרב הירושה הוכרע: ליאורה עופר זכתה	1
הלאונג' חוגג עם הזוג כליפי בחתונה של אלופים	2
הפרטים שלא ידעתם על הגיוס של אבנר נתניהו נחשפים	2
מה יש לישראלים נגד עשירים - ומה הם באמת חושבים על תשובה וגיל שויד?	2
חוויה בגליל: פירמידות בכרמיאל, מוזיאון שוקולד ומכוניות עתיקות	2
לטייל עם WishTrip – הוויז של המטיילים	2
לרגל 70 למדינה: 7 הטייקונים שאיבדו את העצמאות	1
"תפקידים בצבא מתאימים לאנשים - לא לגברים או נשים"	0
דיבידנדים: הסרט של יגרמן	2
הון אנושי: נפל בדיוק בזמן	1
הטכניון: 12 תלמידים חרדים סיימו מכינה	0
וואלה! ביז: מי התעניין באשת איש המוסד?	1
מסיבות פורים: הברנז'ה העסקית צהלה ושמחה	0
דיבידנדים: חתונת האלפיון של עו"ד יורם ראב"ד	2
דיבידנדים: מי לא בא לחתונה של אייזנברג?	2
אלפרד אקירוב קונה מטוס פרטי ב-27 מיליון דולר	2
9 מיליון שקל - ותוכלו לעלות במעלית ולחלוק ספא עם שרי אריסון	2
הדרך להצלחה: אלה מועדוני ההון שאתם רוצים להיות חברים בהם	0
ילדיו של קירשנבאום או זוגתו: איך תחולק הירושה	2
הכוורת: מי הם האנשים הקרובים ביותר לרקפת רוסק-עמינח?	2
"אנחנו מעניקים הזדמנות חדשה לפריפריה"	0
דיבידנדים: מאות אורחים בחתונת בתו של אייל עופר	2
שכר מנהלים 2012: אוריאל רייכמן גרף 4 מיליון שקל ב-3 שנים	2
הרשת החברתית: בת-ים בדרך להפוך לריביירה של ישראל?	0
סטף ורטהיימר תרם 800 מיליון שקל - ואז התחילו הצרות	1
היזם שלמה גדות גייס 8 מיליון דולר מבתו של סטף ורטהיימר	2
הלאונג': חוויות של קיץ במוזיאון עם אריסון	2
מניית שיכון ובינוי זינקה ב־100%; הביצועים עוד לא	1
צפו: ברק לשפיר: "יש לך חלום על קריירת דוגמנות?"	1
החקירה הפלילית לא הסתיימה? עדיין אפשר לנהל נגזרת בנושא	1
מנכ"ל סוגת ג'יל גמון על סף רכישת החברה עם שותף זר	2
שרי אריסון: "מכרתי את השליטה גם בקרניבל קרוז; אני לא עוזבת את ישראל"	2
ההפתעות של שרי אריסון: פתאום הממזרים שינו את הכללים	1
"הרכב האוטונומי יוביל לאובדן מיסוי מדלק, ויפצה במיסוי גז"	1
שוחד בעשרות מיליונים בשיכון ובינוי: "להעמיד לדין את שרי אריסון"	1
שרי אריסון	2
שרי אריסון: "אני אוהבת את ישראל ונשארת בארץ"	0
שרי אריסון חשודה במתן שוחד	1
מחיר הבריחה: שרי אריסון מוכרת הכל בזול ובלי מלח	1
שרי אריסון מכרה את שיכון ובינוי בזול - נתי סיידוף כבר עשה חצי מיליארד שקל	1
המשטרה: להעמיד לדין את שרי אריסון	1
הטיפה האחרונה: שרי אריסון בדרך למכירת מיה	1
שרי אריסון מוכרת את מלח הארץ לפורטיסימו ב-170 מיליון שקל - 60% מהמחיר	1
גינדי נגד שרי אריסון וצביקה פיק: "הנזקים במגדל G - מצד הדיירים"	1
הבנקים הדפיסו כסף במחצית הראשונה - והרווח קפץ ב-25%	0
הדירוג: אלה הם מותגי הנדל"ן המובילים בישראל	0
שרי אריסון נפרדת מבנק הפועלים: החלה בהליך למכירת 50 מיליון מניות	2
"המסע של אור" - ספר ילדים מאת שרי אריסון	2
ותואר אשת העסקים הכי גרועה בישראל הולך ל	1
המשטרה: התגבשה תשתית ראייתית נגד שרי אריסון	1
שרי אריסון קיבלה היתר למכירת מניותיה בבנק הפועלים בבורסה	2
שרי אריסון תקבל כ־200 מיליון שקל ממכירת "מלח הארץ"	2
שרי אריסון מחוץ למועדון הריכוזיות; המצטרפים החדשים - חברת מקורות ובעלי	2
המנהלת שקיבלה מאריסון 18 מיליון שקל בשנה בשביל לבצע עבורה את העסקה	1
כתב אישום נגד שרי אריסון יהווה סכנה לעתיד שליטתה בבנק הפועלים	1
הכישלון הגדול: שרי אריסון קיבלה מסרים מלמעלה - ובנק ישראל לא שמע את הקולות	1
מפוארות ומתפוררות: הצרות של שרי אריסון במגדל דירות היוקרה של גינדי	1
הותר לפרסום: שרי אריסון היא הבכירה שנחקרה בפרשת 'שיכון ובינוי'	1
הבעלים התחלפו - אבל שיכון ובינוי עדיין מדווחת כאילו היא של שרי אריסון	1
יוסטון, אין לנו בעיה: סיסקו משחזרת את הנחיתה על הירח	0
שרי אריסון מוכרת את הבית למי יש כמה מאות מיליונים מיותרים?	2
שרי אריסון מחפשת רוכש ל"מלח הארץ"- יצרנית המלח הגדולה במדינה	2
"היה בפרוטרום מנגנון של תשלומים שרצו לעשות אותם בשקט"	1
רשות מקרקעי ישראל רוצה נתח ממכירת מלח הארץ של אריסון	2
מבזק 18:00: המלצה לכתב אישום נגד שרי אריסון	1
כמו רובין הוד, רק להיפך: האנשים שלוקחים מהציבור הרחב - ונותנים למעט עשירים	1
אריסון ממשיכה לממש נכסים בישראל: מכרה את חברת המים מיה תמורת 260 מיליון דולר	1
אריסון מכרה את חברת המים לקרן אירופית ב־200 מיליון יורו	1
אריסון ממשיכה לחסל את פעילותה העסקית: מכרה את חברת מיה ב-260 מיליון דולר	1
שרי אריסון: "מכרתי את השליטה גם בקרניבל קרוז; אני לא עוזבת את ישראל"	2
פרשת שיכון ובינוי: המשטרה המליצה להעמיד לדין את שרי אריסון	1
שיכון ובינוי ושרי אריסון בדרך לכתב אישום בפרשת השוחד באפריקה: התיק יועבר לפרקליטות	1
שוחד של עשרות מיליונים: כך עבדה השיטה	1
המשטרה: תשתית ראייתית נגד שרי אריסון	1
שוחד בעשרות מיליונים בשיכון ובינוי: "להעמיד לדין את שרי אריסון"	1
כסף לשרים במסווה של דמי ייעוץ: כך עבד שוחד המיליונים	1
שרי אריסון מואשמת בשוחד בפרשת שיכון ובינוי, על פי המשטרה	1
"ככה זה עבד בקניה" - על פרשת השוחד של שיכון ובינוי	1
פרשת השוחד בשיכון ובינוי: המלצה להעמיד לדין את שרי אריסון, עופר קוטלר ואפרת פלד	1
פרשת שיכון ובינוי: הכל התחיל כשעובד גילה שחיתות - וסירב לשתף פעולה	1
המשטרה המליצה: להעמיד לדין את שרי אריסון בגין שוחד	1
החדשות - ההמלצה: כתב אישום נגד שרי אריסון‎	1
דרמה בפרשת שיכון ובינוי: המשטרה ממליצה להעמיד לדין את שרי אריסון	1
"שוחד במאות מיליונים": המשטרה ממליצה להגיש כתב אישום נגד שרי אריסון	1
פרשת שיכון ובינוי: הבכירים יועמדו לדין בעבירות שוחד	1
האם שרי אריסון תועמד לדין בשל החקירה בשיכון ובינוי או תיחלץ בשלום?	2
פרשת השוחד בשיכון ובינוי: החברה ושורת בכירים צפויים לעמוד לדין	1
פרשת שיכון ובינוי: תשתית ראייתית לשוחד נגד שרי אריסון	1
"כשהיה צריך להזיז משהו – שילמו ככה זה עבד בקניה"	2
שרי אריסון מוכרת 50 מיליון מניות בנק הפועלים בכ-13 מיליארד שקל	2
שרי אריסון מוכרת כ-60 מיליון מניות הפועלים - שוק ההון	1
שרי אריסון מכרה 37% מהפועלים תמורת 13 מיליארד שקל - הנחה של 3%	1
בעקבות מכירת מניות אריסון: הפועלים נהפך לבנק ללא גרעין שליטה - והמניה צונחת ב-5%	1
אריסון מכרה מניות הפועלים בהנחה של 57%, והמניה מאבדת 45%	1
אריסון תמכור 50 מיליון מניות בנק הפועלים	2
שרי אריסון נפרדת מבנק הפועלים: החלה בהליך למכירת 50 מיליון מניות	2
שרי אריסון מחוץ למועדון הריכוזיות; המצטרפים החדשים - חברת מקורות ובעלי עיתון חרדי	2
שרי אריסון יוצאת מרשימת הגורמים הריכוזיים - שוק ההון	1
בשל שליטתו ב'הפלס': יוסף פטרוף מצטרף למועדון הריכוזיות	0
ועדת הריכוזיות עדכנה את רשימת הגופים בעלי השפעה על המשק: מקורות בפנים, שרי אריסון בחוץ	2
שרי אריסון וצביקה פיק תובעים את גינדי החזקות על ליקויי בנייה במגדל השופטים	1
מפוארות ומתפוררות: הצרות של שרי אריסון במגדל דירות היוקרה של גינדי	1
אריסון, מלכא ואחרים תובעים מגינדי 65 מ' ש' עקב ליקויי בנייה	1
מילצ'ן לחוקרים: "שרה נתניהו אמרה לאדלסון להחליף עורך"	1
פרקליטי אלוביץ': "ניסה לרצות את נתניהו – אך לא היה שוחד"	1
השרשרת לשרה, הדרישה לצמיד תואם: נחשפים תמלילי רה''מ בתיק 1000	1
בן אפלק יככב במותחן אירוטי של במאי "חיזור גורלי"	2
תיק 1000: מילצ'ן לחוקרים - "הם ביקשו גם מעילים, הרגשתי גועל נפש"	1
ארנון מילצ'ן	2
מילצ'ן: "לא ישנתי בלילה, שנתיים וחצי חייתי בדאגה"	2
ארנון מילצ'ן ערב ההכרעה בתיק 1000: "סבלתי מספיק, אולי יראו את הנזק שעשו לי"	1
נתניהו טען בחקירותיו: "ארנון מילצ'ן דוכן נייד של סיגרים ושמפניות, חילק גם ללפיד	2
פצצות אטום, מטוסים, סיגרים ושמפניות: כך עבדו ראשי הממשלה בישראל אצל מילצ'ן	1
קואליציית החשודים של נתניהו	1
נתניהו הודה בחקירתו: אישרתי להעמיד לרשות מילצ'ן מסוק של חיל האוויר	1
"תעשי כל מה ששרה מבקשת": עדות העוזרת של ארנון מילצ'ן בתיק 1000	1
"ארנון מילצ'ן התרברב שביבי סידר לו מסוק"	1
מדוע הזמין רה"מ מסוק למילצ'ן?	1
מילצ'ן ביקש, נתניהו הבטיח, אבל עמלות היתר עדיין כאן	1
פרקליטו של רה"מ: "לפיד הוא הסיפור בחוק מילצ'ן, נתניהו אפילו לא סטטיסט"	2
חשיפה: הקרע בין מילצ'ן לפרקליטו‎	1
עדות העוזרת של מילצ'ן: דגן והמוסד ארגנו את המסוק לירדן	2
תיק 1000: כך ניסה נתניהו להסביר את התערבותו למען מילצ'ן	1
טל ואביעד על האוסקר: "כמה עוצמה יש לארנון מילצ'ן - הארנק של הוליווד"	2
הרגע שבו המיליארדר הישראלי מהוליווד לא חש גועל מבני הזוג נתניהו	2
כך גייס מאיר דגן את מילצ'ן לקידום הקריירה של בת האוליגרך המקורב לפוטין	1
מוזס יואשם, התיק של מילצ'ן ייסגר	1
העוזרת של מילצ'ן תובעת את אמסלם לאחר שרמז שהדליפה את עדותה בתיק 1000	1
נתניהו בחקירתו בתיק 1000: "לא ידעתי על השמפניות, אין לי בעיה להכניס את היד	2
ח"כ אמסלם הגיש תביעת דיבה נגד עורך דינו של מילצ'ן: הכפיש אותי כשאמר	1
שרה נתניהו טענה בעדותה: "ייתכן שהעוזרת והנהג של מילצ'ן גנבו שמפניות"	2
שרה נתניהו טענה בעדותה: "ייתכן שהעוזרת והנהג של מילצ'ן גנבו שמפניות"	2
בלעדי: תמלילי חקירת ראש הממשלה	2
תיק 1000: "נתניהו ביקש סיגרים ממילצ'ן בזמן טקסי יום הזיכרון"	1
חדשות 12: העוזרת של מילצ'ן העידה שנתניהו דרש לעשות כל מה שרעייתו מבקשת	1
שווי הסיגרים שניתנו לנתניהו במתנה נמוך דרמטית מהערכות המשטרה	2
"נשים קטנות" – טריילר מתורגם: הקלאסיקה הספרותית תחת ידיה של גרטה גרוויג	2
בן התפנוקים שמתח את סבלנות ארצות הברית - סיפורו של ארנון מילצ'ן	1
עולים על מטוס לפגוש טייקון: האנשים שמחליטים מה נראה בחדשות	2
גם ראש הסגל קנה סיגרים לנתניהו?‎	2
ארה"ב: קבוצת משקיעי קולנוע תובעת 50 מיליון דולר ממילצ'ן	1
בנימין נתניהו: "אין לי בעיה להכניס את היד לכיס"	2
ארנון מילצ'ן צונזר מסרטון הצדעה לישראל בהוליווד	2
סופה של "ידידות אמת"	1
יכול להיות ששכחתם כמה פרטים על ארנון מילצ'ן?	2
עו"ד בועז בן צור לא ייצג את רה"מ נתניהו	2
"לא זוכרים מה עשיתי עבור המדינה"	2
מורה נבוכים לפרשיות נתניהו: מה עומד מאחורי תיקי 1000, 2000 ו-4000	2
בלעדי ב-103FM: "לפיד קיבל תמורה כספית מארנון מילצ'ן"	1
יעלון: "ביבי, לאיזה שפל ירדת?!"	1
רמז על שוחד בפגישות, מודעות לקשר פלילי: הקרב של מוזס ואלוביץ'	1
כלכלת המנצח לוקח הכל: האם ישראל היא דמוקרטיה או פלוטוקרטיה?	1
חדשות 13: נתניהו ביקש ממילצ'ן אספקת סיגרים בערב יום הזיכרון ב-2016	1
עו"ד פיני רובין, סנגורו החדש של רה"מ נתניהו, תושאל בעבר במשטרה במסגרת	1
עדות מילצ'ן נחשפת: "יש לכם קארט בלאנש לתת לביבי ושרה מה שהם רוצים"	1
רגע האמת מגיע: כל מה שצריך לדעת על תיקי נתניהו ערב הכרעתו הגורלית של	2
לא רק סיגרים ושמפניה - מה אמר נתניהו לשר האמריקאי כדי לסייע למילצ'ן	1
פרקליט מפלגת "יש עתיד" לשעבר עשוי להצטרף לצוות ההגנה של נתניהו	2
נתניהו חושף: השר לקח מסוק צבאי לחתונת בתו	1
הסרט הרע של ארנון מילצ'ן	1
האיש והסיגרים במרכז פרשת נתניהו: מי אתה ארנון מילצ'ן?	1
מטרור הבלונים ועד חוק החסינות, העובדות הן עניין משני עבור נתניהו	1
אז מי אתה באמת, ארנון מילצ'ן?	1
נהגו של מילצ'ן מחזק את עדות העוזרת: "סיפקתי כמויות של שמפניות וסיגרים"	1
הפרקליטות בודקת מעורבות מילצ'ן במגעי נתניהו-מוזס	2
איש העסקים ארנון מילצ'ן נחקר באזהרה בלונדון במסגרת תיק 1000	2
ארנון מילצ'ן ל-ynet: "לא עשיתי כלום, לא עברתי עבירה"	2
חוק מילצ'ן לא היה מסבך את המפיק אלמלא היה כה נלהב להאריך את תוקפו	2
אלינור מילצ'ן: "כל מפגש עם אבא בילדותי היה מיוחד"	0
אחרי ההמלצות: מילצ'ן נגד המשטרה	1
ארנון מילצ'ן: הזוג נתניהו דרש את השמפניה והסיגרים; ההזמנות התבצעו בשמות	2
גרסת מילצ'ן לתיק המתנות: "זה לא שוחד"	1
ניר חפץ הקליט את מילצ'ן מדבר על תיווך בין נתניהו למוזס	2
"חוק מילצ'ן": הטבות מס בהיקף עצום לתושבים חוזרים	0
לפיד מגלה: מה באמת הסיפור עם ארנון מילצ'ן?	2
התיק נגד יאיר ושרה נתניהו נגנז‎	2
אבוי לנו אם כך חוקרים ראש ממשלה	1
מיחסי הידידות העמוקים ועד שורת עדי המדינה: מה הסיכוי שכתב האישום של נתניהו	2
האיש שלנו בוושינגטון: יצאנו לחקור את חידת רון דרמר - פרופיל	2
הקשר בין נתניהו, מילצ'ן וענף החלפים לרכב	2
למה התכוון נתניהו כששאל מה שלום השדות בקובה, ולמה דרש מפאקר להפליג מפה?	2
הפוסט שלפיד לא כתב: "מה הסיפור עם נוני מוזס"	2
מילצ'ן ליועמ"ש: לבדוק מי הורה למחוק אותי	2
הביקורת המרומזת של מילצ'ן על נתניהו	1
שיקולי ביטחון? נתניהו עזר למילצ'ן - ולא פעל למען מנכ"ל התעשייה האווירית	2
500 המשפיעים: גל גדות בפנים	0
העוזרת של מילצ'ן: נתניהו אמר לי - אם זו לא דירה, מותר לתת	1
הקשר ההודי: נתניהו, מילצ'ן ומפעל המכוניות בבקעת הירדן	2
ניר חפץ: "יאיר נתניהו נכנס לחדר וצעק: 'אלוביץ לא מספק את הסחורה'"	1
היד הנעלמה שדואגת להעניק מדי שנה מתנה גדולה ויקרה לארנון מילצ'ן	2
אם מילצ'ן חבר של ביבי יש חשד להפרת אמונים, ואם לא - גם כן	1
פרקליטו של מילצ'ן: "המלצות המשטרה הפתיעו אותו, אין יסוד לטענת השוחד"	2
מנדלבליט סוגר את התיקים נגד שרה נתניהו ויעמיד לדין את נוני מוזס בגין שוחד	1
21 ישראלים ברשימת עשירי העולם; ואיפה דונלד טראמפ	0
הסיגרים שביקש נתניהו ביום הזיכרון - ומה הוא עשה בביתו של המיליארדר פאקר	1
העדות של מילצ'ן במשטרה נחשפת: "קנה לשרה נתניהו תכשיט ב-2500 דולר"	1
תיקי נתניהו, מפת האינטרסים: הטבת המס, שוק התקשורת והשמפניות	1
כתב החשדות נמסר לראש הממשלה: יואשם בשוחד בפרשת 4000 ובמרמה ב	1
שלוש שעות חקירה בלונדון: "מילצ'ן חיזק את החשדות נגד נתניהו"	1
נתניהו ביקש סיגרים בערב יום הזיכרון	1
כך "הרדימו" החוקרים את מילצ'ן בשביל לחזק ההמלצות נגד נתניהו	2
מילצ'ן והטעויות: הגיע לחקירות הראשונות לבד ושינה גרסאות	1
"רצח אופי" עם סכיני גילוח: נתניהו נוהג כמורם מעם בתפקיד שר ההיסטוריה	1
המהדורה המרכזית המלאה - 0606	2
מורה נבוכים | מה עשה נתניהו עבור מילצ'ן בתיק טובות ההנאה?	2
העוזרת של מילצ'ן: "שרה נתניהו ביקשה לשים את הסיגרים והשמפניות בשקיות כהות"	1
היועמ"ש בדיונים סגורים: נוטה להאשים את נתניהו בהפרת אמונים בתיק 1000	1
תיק 1000: לנתניהו היה "קו אספקה" של סיגרים, שמפניות ותכשיטים בסך 707	1
עדות פאקר: "מילצ'ן ביקש שאעזור במתן מתנות"	1
מנהל רשות המסים: חוק מילצ'ן הפך את ישראל למקלט מס מהטובים בעולם	2
המרגל והסיגרים: מי אתה המפיק המקושר ארנון מילצ'ן • פרופיל	1
"שמונה שנים מחיי היו קרב אחד ענקי"	2
סירוב נתניהו למסור מידע לוועדת ההיתרים מוכיח שהוא לא ראוי לאמון הציבור	1
הסדרת ויזה ומיזם עסקי: כך נראו יחסי השוחד בין נתניהו למילצ'ן	1
עדות מילצ'ן נחשפת: למה נתתי מתנות לבני הזוג נתניהו	1
לפיד, נתניהו והאכיפה הבררנית	1
העוזרת של מילצ'ן: הוזעקתי לספק שמפניות לשרה נתניהו בליל הסדר	2
התפרסם דירוג עשירי העולם של פורבס: כמה שווה ארנון מילצ'ן?	2
מילצ'ן קנה לשרה נתניהו תכשיטים ב-34 אלף שקל - וקיבל מחזיק מפתחות	2
אפשר להגיד על לפיד הרבה דברים, אבל מושחת הוא לא	0
ההמלצות בתיקי 1000 ו-2000 - בהמתנה להכרעת הפרקליטות והיועמ"ש	2
צוללות, ספינות ונציגות של טיסנקרופ: העסקים החשאיים של שושלת נתניהו	2
מקורביו של ארנון מילצ'ן: "קמפיין השמצות מביך מטעם נושאי כלים"	2
"נתניהו קיבל סיגרים במאות אלפי שקלים מהמפיק ארנון מילצ'ן"	2
נתניהו ביקר בביתו של ארנון מילצ'ן ארבע פעמים בשבועות האחרונים	2
מידת הדין בלי רחמים	2
דיווח: מילצ'ן חזר בו מעדותו; דוברו: "לא חל כל שינוי בעמדתו"	2
האישה שיודעת הכול: אשת הסוד שעלולה לסבך את נתניהו	2
נתניהו עמד מאחורי סדרת הקלות לערוץ 10 שבבעלות מקורביו מילצ'ן ולאודר	2
השמפניות והסיגרים מסבכים את נתניהו גם עם רשות המסים	1
"דפקתי בדלת של מילצ'ן, לפיד פתח כשסיגר יוקרתי בפיו"	2
נתניהו תקף את אברמוביץ': "הדלפות פליליות ומסולפות"	1
היום: הכרעת היועמ"ש בתיקי נתניהו	2
נדחתה עתירה לפרסום המלצות פרקליט המדינה בתיקי נתניהו	2
חקירת נתניהו תסתיים תוך חודש; הערכה - העוזרת של מילצ'ן הפלילה את רה"מ	1
השאלות הקשות שיאיר לפיד צריך להתחיל לענות עליהן	2
עד בתיק 4000 טוען: "שרה נתניהו איימה על איריס אלוביץ' בהפסקת הסיוע"	1
חשיפה: "הכרטיסייה" של מילצ'ן	1
עורך דינו של נתניהו בתלונה ליועמ"ש: "לשים סוף למבול ההדלפות"	2
חשיפה: הקשר הסודי בין ראש המוסד לחשוד המרכזי ב"תיק 1000"	2
איך דאג נתניהו שנשלם הרבה יותר - ועוד 11 פרטים חדשים מתיקי ראש הממשלה	2
גיא פלג ליאיר נתניהו: "אם שוב תקרא לי דמבו, תחטוף תביעה"	1
ספר חדש: "ארנון מילצ'ן היה סוכן גרעין ישראלי"	2
מנדלבליט נערך לפרסם בסוף השבוע את ההחלטה להעמיד את נתניהו לדין	2
הלוויתנים כבר שחו, הסרדינים עוד סובלים: מה רוצה ישראל מבועז הרפז?	1
יאיר נתניהו הגיש תלונה במח"ש: המשטרה עקבה אחרי בניגוד לחוק	1
הגרסה המפוקפקת של מילצ'ן	2
תיק 1000: נתניהו ניסה לסייע למילצ'ן לרכוש את רשת?	2
שרה נתניהו: "מכירה הרבה אנשי ציבור שמקבלים מתנות; חפץ? עושים טעויות בחיים"	1
מוזס הציע לנתניהו "לסובב את הספינה" - והיועמ"ש הטביע אותה	1
רוני מאנה: "ביבי ושרה גזענים וקמצנים חולניים"	1
נתניהו: התקשורת חושבת שכולנו מטומטמים	1
הנשק הסודי של ראש הממשלה: פובליציסט ב"גלובס"	1
מילצ'ן קרוב להשתלטות על רשת; יוזם העסקה - יאיר לפיד	2
פאקר: מילצ'ן ביקש שאעזור בהבאת המתנות, נתניהו היה מבקש והייתי נותן	1
פאקר: מילצ'ן ביקש שאעזור בהבאת המתנות, נתניהו היה מבקש והייתי נותן	1
"המפיק ארנון מילצ'ן היה סוכן מוסד"	0
ספרים, עטים ודגם של מסוק: מתנות הפרידה של המפכ"ל רוני אלשיך נחשפות	2
מה כתב שי ניצן בהמלצתו להעמיד את נתניהו לדין? היועמ"ש והפרקליטות סירבו	2
מג'יימס קמרון ועד ארנון מילצ'ן: 10 בעלי ההון של תעשיית הסרטים בהוליווד	0
יציאה מפרופורציה בהדלפות נגד נתניהו	1
עוד גלי הדף מפטירת וינרוט: מחלקת הנדל”ן הפורשת ממשרדו חוברת למשרד בן-צור	1
ארנון מילצ'ן מינה את בתו אלכסנדרה לסגנית נשיא בחברת ההפקות שלו	1
התושב החוזר, שעוני היוקרה, והניצול של הפטור ממס	0
חקירות נתניהו: אחרי האיום בתביעה - ח"כ אמסלם מתנצל בפני מילצ'ן	0
נתניהו לקראת פרסום הכרעת מנדלבליט: "מגדל הקלפים הזה יקרוס בקרוב"	1
שילוח למילצ'ן: העבר 50 מ' ש' - וניכנס יחד לערוץ 10	1
נתניהו: שיא חדש של פייק ניוז	1
נתניהו פאתט	1
דמוקרטיה במבחן: תיקי נתניהו הם תיקי ריבונות הימין	1
הבחירות הוכרעו בגלל החקירות	1
שרה נתניהו בחקירתה על תיק המעונות: "כופרת בכל ההאשמות, אני אוכלת מעט	2
הכירו את 23 הפרקליטים שמכריעים את גורל נתניהו	2
ארנון מילצ'ן זוכה שוב באוסקר, יוחנן לוקר מגיע לתצוגה של גולף	0
חברות ארוכת שנים? התמונות שנתניהו העביר לחוקרי פרשת המתנות	0
מעלליו של "עד המפתח" לפיד	1
מקלט המס של ארנון מילצ'ן	1
החשודים בתיקי נתניהו בפנייה חריגה: שימוע בפני היועמ"ש מנדלבליט - ולא בפני עו	1
800 עמודים של שחור: המשפט הפומבי של נתניהו לא צריך להגיע לערכאות	1
תחושת הגועל היא גם מארנון מילצ'ן	1
פרסום ראשון: יוסי מימן רכש את עסקי החקלאות של ארנון מילצ'ן בישראל	2
תיק שמרון מתנדנד: בפרקליטות שוקלים לא להעמידו לדין בפרשת הצוללות	0
קודם כל נאמנות, אחר כך כישורים: כך ייראה מטה נתניהו בבחירות 2019	2
המלצות המשטרה: האם האישומים יופחתו משוחד להפרת אמונים?	0
עדות מילצ'ן: "הרגשתי גועל נפש מהבקשות של ביבי ושרה"; ומה אמר המיליארדר על יאיר נתניהו?	1
תיק 1000: מילצ'ן לחוקרים - "הם ביקשו גם מעילים, הרגשתי גועל נפש"	1
מחדר החקירה: נחשפת עדות ארנון מילצ'ן	2
"הרגשתי גועל נפש": עדותו של ארנון מילצ'ן לתיק 1000	1
עדות מילצ'ן על הזוג נתניהו: ביקשו "עלים", "ורודים", מעילים גועל נפש	1
החדשות - מילצ'ן בעדותו: "הם ביקשו מעילים, הרגשתי גועל נפש"‎	1
נתניהו בחקירה: 'מילצ'ן היה דוכן של סיגרים ושמפניות'	2
החדשות - נתניהו בחקירתו: מילצ'ן הוא דוכן נייד של סיגרים ושמפניה	1
בנימין נתניהו בחקירת תיק 1000 : "מילצ'ן קנה טונות של סיגרים גם בשביל אחרים"	2
נתניהו טען בחקירותיו: "ארנון מילצ'ן דוכן נייד של סיגרים ושמפניות, חילק גם ללפיד ופרס"	1
נתניהו בחקירה: "מילצ'ן נתן סיגרים ללפיד"	1
"נתניהו עסק באופן אישי ברכישת וילה סמוכה לשלו עבור פאקר וביקש סיוע במימון שיפוץ הבריכה"	2
עדות הדס קליין בתיק 1000: "תעשי כל מה ששרה מבקשת"	1
שרה נתניהו לעוזרת של מילצ'ן: "הבן שלי יפליג ביאכטה לאן שהוא רוצה, ואם אין מקום שיזמינו עוד אחת"	1
עדות העוזרת של מילצ'ן: "נתניהו דרש: עשי מה ששרה אומרת"	1
החדשות - הדרישה: "תעשי כל מה ששרה מבקשת"	1
סכין וקצף גילוח באמצע הלילה: הדרישות של שרה נתניהו ממילצ'ן	1
תיק 1000: תמלילי חקירת נתניהו על מילצ'ן נחשפים	2
זלזול בראש הממשלה | תמלול חקירת נתניהו נחשף	1
נתניהו בחקירה: "בהחלט ייתכן שאירגנתי למילצ'ן מסוק לירדן, אני אזכר"	2
החדשות - מדוע הזמין רה"מ מסוק למילצ'ן?	2
נחשפו תמלילים מחקירת ראש הממשלה	2
החוקר הבכיר: סידרת מסוק למילצ׳ן? נתניהו: יכול להיות, לא זוכר	2
"לא זוכר, יכול להיות, למה לא": כך הסביר נתניהו בחקירה מדוע הטיס את מילצ'ן במסוק צבאי	1
"קו אספקה של סיגרים ושמפניות": טובות ההנאה של מילצ'ן לנתניהו - תיק 1000	1
שוחד, מרמה והפרת אמונים נגד ראש ממשלת ישראל	1
תיק 1000: נתניהו יואשם בהפרת אמונים	1
סיגרים ותכשיטים מחברים: האישומים בתיק 1000 נחשפים	2
שמפניות וסיגרים ב-700 אלף שקלים: המתנות של מילצ'ן ופאקר לנתניהו	2
הערכה: השימוע לנתניהו עשוי להידחות בכמה חודשים	0
גורמים בפרקליטות: "אם נתניהו לא יגיע לשימוע, יוגש למחרת כתב אישום נגדו"	1
החדשות - בדרך לשימוע: חומרי החקירה נאספו‎‎	0
נתניהו הגיע להסדר כספי עם עו"ד חדד, השאר שוקלים להתפטר	2
פרקליט נתניהו אסף את חומרי החקירה: "יתואם מועד לשימוע"	0
תיק 1000: "נתניהו ביקש סיגרים ממילצ'ן בזמן טקסי יום הזיכרון"	1
לאחר העיכובים: סנגורו של נתניהו לקח את חומרי החקירה	2
לאחר הסדר כספי: פרקליטי נתניהו אספו את חומרי החקירה	2
לאחר הסדר על התשלום: פרקליטו של נתניהו קיבל את חומרי החקירה	2
"אם נתניהו לא יגיע לשימוע - נגיש נגדו כתב אישום למחרת"	1
לקראת שימוע: פרקליטי נתניהו הגיעו להסדר על שכרם - ואספו את ליבת חומרי החקירה	2
בדרך לשימוע: פרקליטי נתניהו אספו את החומרים	2
מחומרי החקירה עולה: נתניהו ביקש סיגרים ממילצ'ן ביום הזיכרון	1
הדס קליין בעדותה: "יוסי כהן רכש סיגרים עבור בנימין נתניהו"	1
העוזרת של מילצ'ן העידה כנגד ראה"מ; נתניהו: עדות הזויה	2
תיק 1000: האם ראש המוסד רכש עבור נתניהו סיגרים?	1
עדות: ראש המוסד רכש סיגרים עבור נתניהו	1
עדת המפתח בתיק 1000: "גם ראש המוסד קנה סיגרים לנתניהו"	1
תיק 1000: "יוסי כהן רכש סיגרים לנתניהו בסך 1,800 שקל"	1
החדשות - ראש המוסד קנה סיגרים לרה"מ?	2
העדה המרכזית בתיק 1,000: ראש המוסד קנה סיגרים לנתניהו	2
החדשות - גם ראש הסגל קנה סיגרים לנתניהו?‎	2
עדות: רכש עבור נתניהו בחמישים אלף שקל	1
כתב החשדות המלא נגד נתניהו: "ידעת כי אתה לוקח שוחד"	1
הכרעת היועמ"ש: שוחד, מרמה והפרת אמונים בתיקי נתניהו	1
מהסיגר והשמפניה ועד לחדרי החקירות - כך התגלגלו תיקי נתניהו	1
עושים סדר: במה מואשם ראש הממשלה?	2
מורה נבוכים לפרשיות נתניהו: מה עומד מאחורי תיקי 1000, 2000 ו-4000	2
היום: נתניהו יואשם בשוחד- בכפוף לשימוע	1
החדשות - דריכות לקראת החלטות היועמ"ש	2
החדשות - החלטת היועץ: שוחד בתיק 4000	1
התמיכה הפוליטית של נתניהו בשרן, שיעיד נגדו בתיק 4000, מוארת באור בעייתי	1
החדשות - היועמ"ש יודיע: רה"מ יואשם בשוחד	1
סיבוב הספינה, השמפניות, והכתף החמה - כל החשדות העיקריים כלפי נתניהו	2
החדשות - בחירות 2019:לקראת הכרעה: גנץ יישב עם נתניהו?	2
"דוד שרן, ראש לשכת נתניהו לשעבר, העיד נגדו במשטרה בתיק 4000"	1
החדשות - 25 כתבות? דרישות נתניהו מוואלה!	2
מנדלבליט הכריע: שלושה כתבי אישום נגד רה"מ נתניהו	1
תיק 4000 נגמר בשוחד: "דרישות יומיומיות בשעות יוצאות דופן"	1
תגובת נתניהו להחלטה המסתמנת של היועמ"ש	2
45 עמודים: ההכרעה המלאה בתיקי נתניהו	2
דיווחים: "נתניהו יואשם בשוחד בתיק 4000 בכפוף לשימוע"	1
תיק 4000: נתניהו היטיב עם בעלי בזק תמורת סיקור חיובי	1
המחלוקות בדרך לשימוע של נתניהו: הצצה לדיונים בצמרת משרד המשפטים	2
מנדלבליט הכריע נגד נתניהו: יואשם בשוחד, מרמה והפרת אמונים, בכפוף לשימוע	1
פרקליט המדינה המליץ: שוחד בכל התיקים נתניהו: דחף לקו קיצוני נגדי	1
תיק 4000: "תוריד מיד, זה ימנע את אישור יס, אני הורג אותך"	1
תיקי נתניהו: שוחד והפרת אמונים הכרעת היועמ"ש	2
הוחלט: כתב אישום נגד ראש הממשלה בנימין נתניהו	1
היועמ"ש הכריע: נתניהו נאשם בשוחד, מרמה והפרת אמונים | כתב החשדות	1
שוחד, מרמה או סגירת תיק: מנדלבליט צפוי לפרסם החלטתו על נתניהו	2
היועץ המשפטי החליט: כתב אישום כנגד נתניהו בחשד לשוחד	1
לקראת הכרעת היועמ"ש: נתניהו חזר לישראל	2
סביבת נתניהו על כוונת מנדלבליט להאשימו בשוחד: "האשמות מגוחכות"	1
היועמ"ש החליט: נתניהו יואשם בשוחד בכפוף לשימוע	1
הכרעת היועמ"ש: שוחד בתיק 4000, הפרת אמונים ב-1000 ו-2000	1
תיק 2000: אישומים נגד נתניהו ומוזס בכפוף לשימוע	1
ברוך קרא: "בתיק 2000 יש שיחת שוחד מוקלטת, אין הרבה ראיות כאלה"	1
רמז על שוחד בפגישות, מודעות לקשר פלילי: הקרב של מוזס ואלוביץ	1
החדשות - לחסד ולדין: הדמויות במוקד ההכרעה	2
כתב החשדות בתיק 2000 מציג: נתניהו קורבן לסחיטה מצד מוזס	2
פרקליטי נתניהו שבעי רצון: "1000 לא חמור, 2000 התפוגג, 4000 חרפה"	0
תיק 2000: נתניהו ניסה להטות את הסיקור בידיעות אחרונות	1
"חפצת לשפר את אופן הסיקור שלך בידיעות אחרונות"	2
הסיפורים שמסתתרים בכתב החשדות נגד בנימין נתניהו	2
מי נשם לרווחה ומי מהמעורבים בתיקי 1000, 2000 ו-4000 צריכים להתכונן לשימוע?	2
מסוכן יותר מנתניהו: האיש שכולם מפחדים להזכיר את שמו	2
סיקור חיובי לנתניהו, סיקור שלילי לבנט וכחלון: תיק 2000 נחשף	0
מי סחט את מי בתיק 2000 - נתניהו את נוני מוזס או הפוך?	2
"עורך הדין של הטייקונים" הצטרף לצוות ההגנה של נתניהו	0
"מתהפכת לי הבטן": הבעיה הגדולה במינויו של פיני רובין לעו"ד של נתניהו	2
נתניהו שכר עורך דין נוסף, שייצג את מילצ'ן ואלוביץ' ותמך באינטרסים של מוזס	0
חיזוק לנתניהו: עו"ד פנחס רובין מצטרף לצוות ההגנה של ראש הממשלה	0
עו"ד פיני רובין, סנגורו החדש של רה"מ נתניהו, תושאל בעבר במשטרה במסגרת חקירת תיק 1000	1
עו"ד פיני רובין מצטרף לצוות ההגנה של נתניהו	0
החדשות - עו"ד פיני רובין מצטרף לצוות ההגנה המשפטית של נתניהו	0
תיקי נתניהו: שוחד והפרת אמונים כל הפרטים וההסברים	2
הליכוד עתר נגד פרסום החלטת היועמ"ש בתיקי נתניהו: "התערבות בוטה בבחירות"	1
רגע האמת מגיע: כל מה שצריך לדעת על תיקי נתניהו ערב הכרעתו הגורלית של היועמ"ש	2
נערך להחלטת היועמ"ש: נתניהו קיצר את נסיעתו לרוסיה	2
דריכות שיא לקראת הכרעת היועמ"ש בתיקי נתניהו	2
מתח לקראת הכרעה בתיקי רה"מ: "אנחנו לפני בחירות, זכות הציבור לדעת"	0
הערכות: היועמ"ש יפרסם החלטה בתיקי רה"מ בחמישי | כאן	2
יאיר נתניהו הגיש תלונה נגד מני יצחקי	1
"בסיפור של יאיר נתניהו על המעקבים יש כמה חורים, תהיות ופגמים"	0
"מעקבים": יאיר נתניהו הגיש תלונה במח"ש	1
יאיר נתניהו הגיש תלונה במח"ש נגד מני יצחקי	1
יאיר נתניהו הגיש תלונה במח"ש בטענה לפגיעה בפרטיותו	1
יאיר נתניהו הגיש תלונה נגד ראש אגף החקירות לשעבר	1
מינויים ושדרוגים בקבוצת עזריאלי: אושר שכר המנכ"ל אייל חנקין	0
עלייה של 21% ברווח המתואם הרבעוני של עזריאלי	0
מנכ"ל האי-קומרס של עזריאלי: "כניסת אמזון לישראל לא משנה דבר"	0
מכירת סופרגז: עזריאלי משלימה את מימוש נכסי גרנית הכרמל בתמורה כוללת של	0
אייל לפידות סלל את הדרך לזינוק בשכר הבכירים	0
רענון שורות בעזריאלי: שלושה דירקטורים יוחלפו, שכר הבכירים יעלה	0
עלייה של 27% ברווחי עזריאלי, פדיונות הקניונים צמחו ב-3%	0
עזריאלי מרחיבה פעילות: משקיעה 135 מיליון דולר בחברה הפועלת בתחום הדאטה	0
עזריאלי גילו את הנדל"ן המניב החדש - חוות שרתים	0
כשעתיד הקניונים בערפל, בעזריאלי משקיעים בדיור המוגן	2
דנה עזריאלי: "בעבר היו פה משאיות זבל היום מתחם עזריאלי זה הסמל של ת"א"	0
"מחלת הקניונים" תוקפת את עזריאלי - מה מתכננת הקבוצה לעשות?	1
חברים חדשים במועדון הריכוזיות: צבי לבנת, דנה עזריאלי - והבורסה	0
דנה עזריאלי: "אני לא חושבת שתחום האופנה בישראל סובל"	2
עזריאלי שוב מנהלת מגעים למכירת חברת סופרגז, הפעם לקבוצת אלקו של	2
גיוס אג"ח חזק לקבוצת עזריאלי: ביקוש של 3 מיליארד שקל	0
בשבילה יש למוסדיים כסף: ביקושי ענק לגיוס האג"ח של עזריאלי בהיקף של 15	0
קבוצת עזריאלי: שיפור בפרמטרים התפעוליים ועלייה בפדיונות	0
למרות המשבר בענף: עלייה של 33% בפדיונות בקניוני עזריאלי	0
שוות מיליונים: כמה מרוויחות 10 המנהלות בעלות השכר הגבוה בישראל	0
אופטימיות קוסמית: "אם אמזון תגיע לארץ הם יפתחו אצלנו חנות בשרונה"	0
סכנת נפשות: אריח זכוכית צנח ממגדל עזריאלי שרונה	1
דנה עזריאלי: "השוכרים לא עושים לנו טובה כדאי להם להיות אצלנו"	0
מאחורי הקלעים: עיכובים והחלפות קבלן במגדל הספירלה של עזריאלי	1
עזריאלי או קסטרו: מי תביא לישראל את ענקית בגדי הספורט לולו למון	2
דוחות עזריאלי: עלייה של 13% בלבד בפדיונות החנויות הזהות	1
ענף האופנה בקריסה? אף אחד לא סיפר כנראה למותגי בגדי הספורט הבינלאומיים	1
קרן עזריאלי תתרום 110 מיליון שקל לרשת בתי הספר דרכא	0
אדריכל־העל ג'יימי פון קלמפרר: "בניין טוב הוא גם מכונה וגם פסל"	0
זעזוע בקבוצת עזריאלי: המנכ"ל יובל ברונשטיין התפטר במפתיע	1
אחרי עשור: עזריאלי נפרדת מלאומי קארד עם תשואה של 90%	0
המנהלות המשפיעות בישראל מגלות איך הן מנהלות את הלחץ	2
מכתב פתוח לדנה עזריאלי: כך תהפכי את קניון שרונה למשגשג	2
רכילות עסקית: מה עשתה דנה עזריאלי במגדל החדש שלה בשרונה	2
דנה עזריאלי מבקשת שכר בסיס של 27 מיליון שקל	2
הלאונג' פיני ופנינית תרמו מחלקה החדשה	2
כך מתכננת עזריאלי להשתלט על הדיור המוגן לקשישים	0
קבוצת עזריאלי חנכה את קניון רמלה; דנה עזריאלי: "המומחיות שלנו היא לייצר ערך	0
"נסיכת הקניונים" התכוננה לרגע הזה כבר 15 שנים	0
מרים את הרף: ביקור במגדל הגבוה והמסקרן ביותר שנבנה בארץ	0
דנה עזריאלי, היורשת העסקית של אימפריית הקניונים: "יש לי את זה"	0
ישראל מקוב מבקר בתיאטרון, דנה עזריאלי פוגשת את ראש עיריית מונטריאול	2
דנה עזריאלי ספדה לאביה: "אנחנו מאמינים בכלכלה הישראלית, נמשיך בדרכך"	0
המיזם של דנה עזריאלי: פנטהאוז ב-20 מיליון שקל	2
מה הסבירה דנה עזריאלי לאנשי ונשות בית החולים בילינסון?	2
מי זכה בפרס "דוד עזריאלי לאדריכלות"?	2
100 שיאני השכר של 2018: רק 4 נשים, בלי ראשי בנקים וחברות ביטוח, עם עלות	2
עזריאלי מאשרת: המשנה ליו"ר מנחם עינן פורש מהקבוצה	1
משבר הקניונים לא פסח על עזריאלי	1
האפליקציה של עזריאלי	0
חוסר הבושה של יו"ר ועד העובדים בחברת אל על	1
כמה עולה נוף לים בפרויקט של דנה עזריאלי בהרצליה?	2
הושק המגדל הגבוה בישראל	0
מוקדם להספיד את הקניונים: מי באמת צריך לפחד מהכניסה של אמזון לישראל	2
"המפתח להצלחה בחיים טמון בהשכלה"	0
מי התחיל את היום באילת וסיים אותו בהרצליה פיתוח?	2
האייקון החדש של ת''א מבפנים: עזריאלי-שרונה, הענק המתפתל	2
חשיפה: שכרו של מנכ"ל קבוצת עזריאלי מזנק ל-313 אלף שקלים בחודש	1
בראשית היה שמח: מי חגגו את סוף המסע של החללית הישראלית?	0
עזריאלי מתרחבת בדיור המוגן: רוכשת את אחוזת בית ברעננה בכ-55 מיליון שקל	0
הושלמה עסקת לאומי קארד: מנורה מבטחים מאמינה ברכישה של ורבורג פינקוס	0
עסקה ראשונה לדנה עזריאלי: מוכרת את מתקן ההתפלה שליד פלמחים ב-429	2
בנות ממשיכות: נשות העסקים שהגדילו את הירושה ב-2017	0
מדושן: חברת אדמה העשירה את המנכ"ל חן ליכטנשטיין ב-63 מיליון שקל בתוך 5 שנים	0
מרקל קיבלה תואר דוקטור לשם כבוד	0
האנשים הכי עשירים בישראל	0
דיבידנדים: המתנה של דנה עזריאלי ליומולדת שווה 16 מיליארד שקל	2
110 מיליון שקלים לצמצום פערים בחינוך	2
עזריאלי רוכשת נכס נוסף בטקסס - ב-100 מיליון דולר	2
מי הגיע להשקה החדשה של HOODIES?	2
השיחה: דנה עזריאלי והלפיד	2
האימהות הספרניות של עזריאלי וקאופמן	2
תל אביב שוברת שיאי גובה: זה רק נראה נוצץ, תתכוננו להרגיש כמו בניו דלהי	1
הלאונג' נשים חזקות במרכז	0
עזריאלי משיקה אפליקציה שתזהה לקוחות ותציע להם הטבות	0
רכילות עסקית: אילו אנשי עסקים חגגו עם מיכל הקטנה ברית לתאומים	2
הלאונג' סוגרים שבוע עם המכון למחקרי ביטחון לאומי	2
המאבק החשאי של עובדי הקבלן בקניוני עזריאלי	1
הלאונג': האדריכלית הבינלאומית שבחרה את הזוכים של עזריאלי	2
בעלי קרקע בפ"ת יוזמים פרויקט ענק בשטח התחנה המרכזית	0
לפני הפשיטה על סופרגז: עזריאלי הרחיבה שיפוי מנהליה	1
הלאונג' בראשית- התקווה והמסיבה	2
וואלה! ביז: הזכייה החדשה של מייקל פלפס	2
רכילות עסקית: מי הגיע להשקת החנות המחודשת של קסטרו	2
KLA צפויה לחלק לעובדי אורבוטק בונוס של 24 מיליון דולר	0
מה עשו בכירי קבוצת עזריאלי בנגב?	2
מקומות 61-80: מאיזנקוט שדואג לפנסיות בצה"ל ועד לאלשטיין שהבריא את אידיבי	2
עזריאלי השיקה אפליקציה עם קופונים בקרוב - אתר סחר	0
שוות מיליונים: 10 שיאניות השכר של המשק הישראלי	0
תפקיד ראשי: המנכ"ל החדש של הקאמרי מפתיע בסולו	0
הרשת החברתית: קבוצת עזריאלי נפרדת ממנחם עינן	2
דנה עזריאלי תקים פרויקט יוקרה בהרצליה פיתוח	0
קבוצת עזריאלי תקים דיור מוגן בלהבים	0
'קניון ראשונים הוא כמו סקיני ג'ינס, בוטיק, מותאם לשינויים של החיים''	0
המהפך הדרמטי של ההייטקיסטית	2
עזריאלי יהרוס את רמלה	1
התגייסות בלאונג': תלמה בירו עושה הסברה בארצות הברית	0
עשו שינוי: אלו 52 הנשים המשפיעות בישראל לשנת 2018	0
צפו: כך נראים המשרדים החדשים של אמזון בת"א	2
הלאונג' גאיה חג'ג' על הבמה בשוני יחד עם רמי קליינשטיין	0
דוד עזריאלי תורם מניות בשווי 800 מיליון שקל לעמותת עזריאלי המקדמת חינוך	0
ממה התרשמו האורחים בביתו של ישראל מקוב?	2
קנצלר וד"ר לשם כבוד	0
אורי גלר הפך את הכפית של מייקל ג'קסון לקסדת מלחמת הכוכבים	2
הון אנושי: בקיץ הזה נכניס את החולצה למכנסיים	2
עופרה שטראוס: "אני רואה באפליית נשים כישלון של הדור שלנו"	1
שיוויון על הנייר: 55% מהחברות מסתפקות רק בדירקטורית אחת	1
התרגיל של הקניונים: מרוויחים יותר בלי להעלות שכר דירה	1
הון אנושי: ככה לא בונים קומה	2
וואלה! ביז: מי הגיע לפופ אפ סטור של עדיקה?	2
ענף המלונאות בפריחה בזכות "תיירי ההייטק"	0
המהפכה המגדרית: כך תפסו נשים את עמדות הפיקוח על שוק ההון	0
היציבות של שוק היוקרה ברעננה התערערה	0
וואלה! ביז: מי הגיע להשקה הלוהטת בירושלים?	2
מנכ"ל קבוצת FOX: "אנחנו השוכרים הכי חזקים כולם מחכים לנו"	0
25% ולפעמים יותר: העלות הכבדה של המסחר הווירטואלי	1
השיפוץ בקניון מלחה הסתיים: השקעה של כ-80 מיליון שקלים	0
הלאונג' חנה ובני פרי זן שרים הללויה בבית התפוצות	2
מה חיפש המפכ"ל החדש בבית הקפה של אלון חסן?	2
המדינה הזניחה - וקרן עזריאלי הצילה את הפקולטה לרפואה בגליל	0
שיאני השכר: 155 מיליון שקל למנכ"ל אלביט מערכות	0
הוברמן נוסטלגי וקיויתי שומר על רוח ספורטיבית	2
כל מה שקורה במדינה	2
קבוצת עזריאלי רוכשת את buy2 בעסקה המוערכת ב-80 מיליון ש'	2
תקרת הבטון רק נסדקה: מעט נשים יזמות - רובן בנות של יזמי נדל"ן	0
בנין עלית: ממפעל לשוקולד לבניין המחלקה לאומנות	2
האיש הנחמד הזה מציע לכם דירה מהממת ב-500 אלף שקל, מול הים בת"א לא	0
איך נפרד תיאטרון הקאמרי מהמנכ"ל הפורש?	2
המזכירה שהפכה למנכ"לית	0
קמעונאות בכוננות: יוצאות מהאופנה כדי לשרוד	1
קניון עזריאלי במודיעין נחנך - הבנייה נמשכת	2
מה עשו ריטה וגלי עטרי בשעת בוקר מוקדמת בפארק?	2
השיחה: אביב גפן נרתם למען ילדי וראייטי	0
הלאונג' סוגרים שבוע עם שבוע האופנה של גינדי	2
הלאונג' חושף את הארוחה הסודית של ארמני בארץ	2
בלעדי ל"כלכליסט" - עזריאלי מרפד את ילדיו: יקבלו 15% ממניות הקבוצה	0
"איזו סיבה יש לאנשים עם כל כך הרבה כסף לגור בין דרך נמיר לנתיבי איילון?"	2
וואלה! ביז: מאיפה תקבלו השראה לשולחן החג?	2
הלאונג': העולם המופלא של מאיה ז"ק	2
אין כמו אבא: דוד פתאל רכש דירות במיליונים לשני ילדיו	0
הלאונג' המוזיאון שעלה לקומה השלושים	2
הלאונג', מדור חדש במעריב: כל מה שחם בעולם העסקים	2
הבורסה ננעלה בעליות: ת"א 35 טיפס 07%, עזריאלי קפצה 33% אחרי הדוחות	0
עלייה של 27% ברווחי עזריאלי, פדיונות הקניונים צמחו ב-3%	0
"עזריאלי שועטת קדימה, עוגן יציב וחשוב בתיק ההשקעות"	0
עוד רבעון חזק לעזריאלי: מקטינה את התלות בתחום הקניונים	0
דו"חות עזריאלי: הרווח הנקי עלה בכ-11% ברבעון הרביעי של 2018	0
זינוק של 67% ברווח הרבעוני של עזריאלי; הפדיונות בקניונים עלו ב-32%	0
עזריאלי גילו את הנדל"ן המניב החדש - חוות שרתים	0
עזריאלי נכנסת לתחום ה- Data Centers ורוכשת 20% מקומפאס ב-135 מיליון דולר	0
עזריאלי מצאה את הנדל"ן החדש: רוכשת 20% מחברת חוות שרתים בחצי מיליארד שקל	0
עזריאלי משקיעה 135 מיליון דולר בחברה המפעילה חוות שרתים בצפון אמריקה	0
דנה עזריאלי מאכלסת דיור מוגן ראשון במודיעין עם 239 דירות	0
עזריאלי חושפת היום את ”PALACE מודיעין”- קומפלקס דיור מוגן ראשון בעיר מודיעין	2
בהשקעה של 390 מיליון שקל: קבוצת עזריאלי השיקה בית דיור מוגן במודיעין	2
יותר ממיליון ש' לפיקדון: עזריאלי חנכה דיור מוגן במודיעין	2
כשעתיד הקניונים בערפל, בעזריאלי משקיעים בדיור המוגן	2
עזריאלי חנכה את "פאלאס מודיעין"	2
בורסת ת"א וקבוצת IBI נוספו לרשימת הגורמים הריכוזיים	0
חברים חדשים במועדון הריכוזיות: צבי לבנת, דנה עזריאלי - והבורסה	0
ועדת הריכוזיות הכניסה את אלונה בר און לרשימת הגורמים הריכוזיים	0
אלקו ועזריאלי אישרו: האחים זלקינד במו"מ לרכישת סופרגז	0
עזריאלי שוב מנהלת מגעים למכירת חברת סופרגז, הפעם לקבוצת אלקו של משפחת זלקינד	2
אלקו בדרך לרכישת סופרגז מעזריאלי בחצי מיליארד שקל	2
אלקו בהרפתקה נוספת - רוכשת את סופרגז מעזריאלי - שוק ההון	2
אלקו במגעים מתקדמים לרכישת סופרגז מקבוצת עזריאלי תמורת 770 מיליון ₪	2
גיוס אג"ח חזק לקבוצת עזריאלי: ביקוש של 3 מיליארד שקל	0
קבוצת עזריאלי השלימה גיוס אג"ח של כ-15 מיליארד שקל	0
על ראש שמחתנו: הכובעים שעוצבו בהשראת שירי האירוויזיון	2
כובעים בהשראת השירים הגדולים של האירוויזיון	2
חלוקת עיזבון דוד עזריאלי: כל בת שווה 31 מיליארד שקל	0
חברים חדשים במועדון הריכוזיות: צבי לבנת, דנה עזריאלי - והבורסה	0
מי הניח אבן פינה לבניין חדש לבית הספר לאדריכלות?	2
ישראל מקוב מבקר בתיאטרון, דנה עזריאלי פוגשת את ראש עיריית מונטריאול	2
אסף זמיר מוקיר את מדריכי הפסגות	2
בורסת ת"א וקבוצת IBI נוספו לרשימת הגורמים הריכוזיים	0
חברים חדשים במועדון הריכוזיות: צבי לבנת, דנה עזריאלי - והבורסה	0
ועדת הריכוזיות הכניסה את אלונה בר און לרשימת הגורמים הריכוזיים	0
נעמי עזריאלי: "נביא לארץ מוחות מבריקים מקנדה"	0
אזרחי קנדה לא יודעים כמה יהודים נרצחו בשואה	1
הלאונג' פיני ופנינית תרמו מחלקה החדשה	2
שי חגיגי ואחרון לילדים	2
אורי גלר הפך את הכפית של מייקל ג'קסון לקסדת מלחמת הכוכבים	2
דיבידנדים: בבנק ישראל נפרדו מחזקיהו	2
קרן עזריאלי תרמה 10 מ' ד' למימון מחקר בתאי גזע ומחקר גנטי באוניברסיטה העברית	0
המדינה הזניחה - וקרן עזריאלי הצילה את הפקולטה לרפואה בגליל	2
אסף זמיר מוקיר את מדריכי הפסגות	2
דוד עזריאלי תורם מניות בשווי 800 מיליון שקל לעמותת עזריאלי המקדמת חינוך	0
כל המשחקים שיעבירו לכם את הזמן בצום	2
השיחה: רומן אברמוביץ' ודונלד טראמפ מתכוננים לסילבסטר	2
משחק הילדים שכל הורה מתמכר אליו במהירות	2
גיל שויד: "צריך לוודא שלרעיון שלך יש שוק - חיכיתי שנתיים עם צ'ק פוינט"	2
צ'ק פוינט עקפה ברבעון את תחזיות האנליסטים לרווח הנקי למניה למרות ירידה	0
צמיחה מתונה של 4% בהכנסות צ'ק פוינט, נסיגה קלה בשורת הרווח	0
הפערים מתרחבים? זה לא דבר רע	0
צ'ק פוינט מציגה צמיחה של 4% בהכנסות, ונסיגה קלה ברווח	1
מומחי סייבר זה לא רק 8200	0
"צחקו עלינו": גיל שויד וסיפורה של הענקית הישראלית ששווה 20 מיליארד דולר	0
גיל שויד: "יותר קל להשבית מדינה בסייבר מאשר בפצצות"	2
גיל שויד: "אפילו הילדים שלי לא יודעים למי אני מצביע"	2
גיל שויד מכר מניות צ'ק פוינט ב-362 מיליון דולר ב-2018 - ומה היתה עלות שכרו?	2
מסמך פעולה סודי, ניסיונות סחיטה ומיליארדי שקלים בסכנה: האיום החדש והמסוכן	1
בגיל 12 רציתי לעבור לגור עם אבא, ואמא אמרה: "אתה ילד, אתה לא יכול לעשות	2
גיל שויד מכר מניות צ'ק פוינט ב-361 מיליון דולר ב-2018	2
גיל שויד	2
תגמולים של 358 מיליון דולר לגיל שויד ב-2018; מחזיק מניות צ'ק פוינט ב-33	0
גיל שויד - מייסד ומנכ"ל צ'ק פוינט - נעל אמש את המסחר בנאסד"ק	0
משואת הסייבר: גיל שויד	2
צ'ק פוינט מבקשת לאשר הקצאת 13 מיליון אופציות לגיל שויד	0
רבעון מעורב לצ'ק פוינט: עלייה בהכנסות לצד ירידה ברווח	2
הרבה מפלגות מסתערות על המשבצת החברתית בלי לשאול מאיפה הכסף	1
ממחיר הנפט לתגמול של גיל שויד: כמה אתם שולטים בחדשות?	2
גיל שויד לא זקוק לשכר, הוא מסתדר עם האופציות	2
צ׳ק פוינט עקפה את התחזיות - והרוויחה 264 מיליון דולר ברבעון	0
הקופסה המסתורית של שויד הסגירה את הפיתוח של צ'ק פוינט	2
מניית צ'ק פוינט צנחה בתגובה לדוחות: "מספר אינדיקטורים גורמים לחששות	1
גיל שויד: "אם מישהו רוצה, זה לא מאוד קשה לפגוע לך בסדר החיים"	2
גיל שויד: "ביום שבו עקפנו את טבע לא שמחתי, חשתי מועקה"	1
גיל שוויד מעביר תשלום של 175 מיליון דולר בלחיצה צפו	2
למה המיליארדר גיל שויד מקבל עוד 35 מיליון דולר מצ'ק פוינט	2
מייסד חברת צ'ק פוינט גיל שויד הוא חתן פרס ישראל הראשון בהייטק	0
"תהיו חריגים, שיזכרו אתכם": הטיפים של גיל שויד ליזמים - ולמי שרוצה להשתלב	0
גיל שויד כבר מחזיק 189% ממניות צ'ק פוינט	0
גיל שויד: "ההיי-טק סוגר פערים חברתיים"	0
במי להשקיע - בצ'ק פוינט השמרנית, או בפאלו אלטו שנכנסה לבולמוס רכישות?	2
צ'ק פוינט תקצה לגיל שויד אופציות למניות בשווי של 144 מ' ד'	2
גיל שויד קיבל תמלוגים בשווי של 37 מיליון דולר ב-2017	0
צ'ק פוינט רוכשת את Forcenock הישראלית ב-10 מיליון דולר	0
"בעל המאה הוא בעל האחריות"	0
הלאונג' צ'ק פוינט לנוער	2
עלות התגמולים של גיל שויד בצ'ק פוינט ב-2017: 37 מיליון דולר	2
מייסד צ'ק פוינט גיל שויד: "וירוס התולעת מתפשט מהר - וזה מסוכן"	1
אכזבה מנתוני ההכנסות בצ'ק פוינט; גיל שויד: "לא צמחנו בארה"ב כמו שרצינו"	1
אופנהיימר בטוחים בצ'ק פוינט: צופים כי תעקוף את התחזיות ברבעון הרביעי	0
הלאונג' מסיבת היובל של גיל שויד	2
הסייבר בוער - אז למה צ'ק פוינט קופאת?	1
כך קפץ נתחו של גיל שויד בצ'ק פוינט ב־50% בתוך עשור	0
היום על במה אחת בוועידת כלכליסט: בכירי התעשייה והדמויות המסקרנות בדרך	2
עסקים כרגיל: מי הזמין הולוגרמה של גיל שוויד?	2
עלות שכרו של גיל שויד ב-2016 - 356 מיליון דולר	2
שלמה קרמר	2
המחיר האמיתי ששילם גיל שויד על הבית בת"א: 140 מ' ש'	2
סימן שאלה עדיין מרחף על מינויו של גיל מסינג לדובר צה"ל	2
הלאונג' גיל שויד עם קסדה בראש טוב	2
גיל שויד קיבל לעולם בן ממיטל דנינו בייבי, מיליארדר נולד!	2
בכמה שעות עבודה מסתפק האיש שעומד בראש חברת ההיי-טק הישראלית	2
מיהם עשירי ההיי-טק של ישראל?	0
למה הישראלים מעריצים את גיל שויד אבל שונאים את מנהלי הבנקים?	2
גיל שויד מתחיל להילחץ? "לא יודע אם פאלו אלטו תהיה פה עוד שנתיים אנחנו כן"	1
גיל שויד: "גופי הסייבר שתוקפים כיום הם סופר-מקצועיים, מפחיד לראות את האיומים"	1
גיל שויד: "אין לנו רצון ועניין לצמצם את כח האדם בחברה"	0
3 ישראלים בדירוג 100 המיליארדרים בהייטק העולמי: טדי שגיא, גיל שויד ואדם נוימן	0
מריוס נכט וענת אגמון	2
צ'ק פוינט: עלות שכרו של גיל שויד עמדה ב-2014 על 100 אלף שקל	2
שויד חוזר לאקדמיה: השיק את בניין צ'ק פוינט באוניברסיטת ת"א	0
חבר חדש בדירקטוריון צ'ק פוינט: שי וייס, מנכ"ל וירג'ין אטלנטיק	2
מייסד צ'ק פוינט על פרשת פייסבוק: "זו לא הייתה דליפת מידע"	1
מתכנת – מתעניין בסייבר? גיל שויד מחפש אותך	2
גיל שויד: "אנשים שרק יגידו לי 'כן, כן' - זה לא מעניין"	2
גיל שויד: "נגייס 600 עובדים, כפי שלא גייסנו מעולם"	0
פרויקט מיוחד: מיהם מדליקי המשואות של ההיי-טק הישראלי?	0
נותנים כבוד: מיהם המשפיעים בהיי-טק הישראלי? – חלק ג'	0
גיל שויד: "הייתי ממליץ לחברות טכנולוגיה שרוצות להנפיק לא ללכת לישראל"	1
ורדי קיבל 130 מיליון, אבל למתווך לא נשאר	1
גיל שויד: "אין לי חברים מהאליטות; אני בהיי-טק כדי לא להיות בביצה"	2
גם גיל שויד רוצה רכב חשמלי	2
למה גיל שויד הוא איש השנה של "גלובס" ל-2014?	0
המודל המנצח של צ'ק פוינט: הסבלנות והשמרנות משתלמות	0
רודי ג'וליאני מפזר אופטימיות; גיל שויד זוכה באות מגן הסייבר	0
הלאונג' "הלידרס": עצת הזהב של שוויד לדור הצעיר	0
ועידת התעשייה של ישראל	2
השיחה: גיל שויד מאוהב	2
צ'ק פוינט תרכוש מניות של עצמה במיליארד דולר בשנה	2
הלאונג' סוגרים שבוע עם הגיוס המכובד של FIDF	2
מצ'ק פוינט, דרך 8200 ועד מיקרוסופט: אלה 50 האנשים המקושרים ביותר בסייבר	0
צ'ק פוינט סיפקה תחזית מאכזבת להמשך השנה; המניה נופלת	1
הסייבר מתפוצץ, ורק צ'ק פוינט משתרכת מאחור	2
נתניהו הגיע למסיבה של רני רהב; צלם TheMarker הוכה בידי מאבטחיו	1
המלכה החדשה של הכלכלה הישראלית: צ'ק פוינט שווה 20 מיליארד דולר	0
לא רק סייבר-ארק: אימפרבה, פייראיי ו-A10 גם על הכוונת של גיל שויד	0
אירוח ישראלי בעיר חמה: בית ההשקעות אופנהיימר חוגג 50	0
נקודה למחשבה: מה הסיפור של צ'ק פוינט	2
האנשים הכי עשירים בישראל	0
רווחי צ'ק פוינט ירדו ברבעון אך עלו על תחזיות האנליסטים	2
שויד: "חברות מעסיקות פצצות אבטחה מהלכות - ולא נערכות כראוי"	1
בחירות 2019: מנכ"ל צ'ק פוינט מזהיר מפני התערבות עוינת בקלפי	1
גיל שויד מכר מניות צ'ק פוינט ב-361 מיליון דולר ב-2018	2
גיל שוייד מכר ב-2018 מניות צ'ק פוינט ב-360 מיליון דולר - ירד להחזקה של 176%	2
מימש מניות ב-360 מיליון דולר: החזקתו של גיל שויד בצ'ק פוינט ירדה אשתקד ל-176% מההון	2
גיל שוויד מכר ב-2018 מניות צ'ק פוינט ב-360 מיליון דולר - וירד להחזקה של 176%	2
גיל שויד - מייסד ומנכ"ל צ'ק פוינט - נעל אמש את המסחר בנאסד"ק	0
צ'ק פוינט זכתה בכבוד לנעול את יום המסחר בנאסד"ק לרגל 25 להיווסדה	0
גיל שויד ורון חולדאי סגרו את המסחר בניו-יורק	0
בעלי מניות טאואר וצ'ק פוינט יתבקשו לאשר ביוני את תגמולי הבכירים	2
צ'ק פוינט מבקשת לאשר הקצאת 13 מיליון אופציות לגיל שויד	2
דו"חות צ'ק פוינט: ההכנסות עלו, הרווח הנקי הצטמצם מעט	2
עלייה קלה בהכנסות, ירידה קלה ברווחים: צ'ק פוינט מסכמת רבעון ראשון	2
צ'ק פוינט סיכמה רבעון ראשון עם תוצאות גבוהות מהתחזיות	0
רבעון מעורב לצ'ק פוינט: עלייה בהכנסות לצד ירידה ברווח	2
מבול דוחות בוול סטריט: ג'ונסון אנד ג'ונסון בולטת מעל כולן	0
אחרי האקזיט: זינוק של 68% ברווחי מלאנוקס, ההכנסות צמחו ב-22%	0
מורגן סטנלי הכה את התחזיות, המניה עלתה 26% - וול סטריט	0
וול סטריט ננעלה בירוק: פינטרסט המריאה ב-287% ביום המסחר הראשון שלה	0
פעילות הענן צמחה, אך לא עמדה בתחזיות: IBM פרסמה דוחות	2
נאסד"ק חצה את רף 8000 הנקודות: קוואלקום טסה 23% לאחר פשרה עם אפל	0
פעילות הענן צמחה, אך לא עמדה בתחזיות: דו"חות חלשים ל-IBM	1
צ'ק פוינט היכתה התחזיות: הכנסות של 526 מיליון דולר ברבעון	0
שויד: "כמעט חצי מהארגונים נפרצו; חדירה לתשתיות לאומיות - מהאיומים הקריטיים"	1
צ׳ק פוינט עקפה את התחזיות - והרוויחה 264 מיליון דולר ברבעון	0
צ'ק פוינט הכתה את התחזיות: ההכנסות ב-2018 כ-19 מיליארד דולר	0
צ'ק פוינט רוכשת סטארט-אפ ישראלי במיליוני דולרים	0
צ'ק פוינט קנתה סטארט-אפ ישראלי בתחומי ה-API ואבטחת יישומי הרשת	2
צ'ק פוינט רוכשת את Forcenock הישראלית ב-10 מיליון דולר	2
אייל עופר בראש: אלה 21 הישראלים העשירים ביותר בעולם עפ"י פורבס	0
21 ישראלים ברשימת עשירי העולם; ואיפה דונלד טראמפ	0
החדשות - דירוג פורבס: אלה העשירים בעולם	0
פורבס' מדרג את עשירי העולם: ומי האיש העשיר בישראל?	0
משפחת תשובה	1
תשובה מחק לעצמו 15 מיליארד שקל בתוך 3 חודשים	1
שוב לוקח סיכון יוצא דופן בהשקעה סופר ממונפת: למה יצחק תשובה צריך את זה?	1
אין תשובה: מניית דלק ירדה השבוע ב־67%	1
תשובה מוכן להזרים כסף כדי להרגיע את המשקיעים	1
המסר של תשובה: "עסקת שברון תיסגר עם או בלי שותפים"	1
הצניחה ברווח הנקי לא הפריעה לדיבידנד של תשובה	1
מניית קבוצת דלק שוב ירדה מתחת למחיר של 500 שקל, ותשובה החליט לפרסם	1
רשות התחרות שמה ברקס לתשובה: מתנגדת לכניסת דלק לרישיון הימי רועי	1
אחרי שהפסידו הון בהנפקת תמר - המורים והגננות ממשיכים לעשות עסקים עם תשובה	1
הציבור משלם ביוקר על התעלמותו מהפוליטיקה של הכלכלה	1
ועדת הריכוזיות תאפשר לדלק להשקיע ברישיונות היבשתיים "אופק חדש" ו"יהל חדש"	0
הפערים מתרחבים? זה לא דבר רע	2
"המחלה הניעה אותי": יקיר גבאי, אחד הישראלים העשירים והמצליחים בעולם	0
פרשת המים החומים בברזים: "נתוני ההתפלה זויפו - הממצאים יועברו למשטרה"	1
המסחר ננעל בעליות: ת"א 35 עלה ב-035%; דלק הוסיפה 2%	0
אילו משקיעים בשוק ההון נוטים להיות סלחנים להסדרי חוב?	2
עולים על מטוס לפגוש טייקון: האנשים שמחליטים מה נראה בחדשות	2
תשובה: "מיישמים החזון להפיכת קבוצת דלק לחברה בינלאומית משמעותית"	2
עידן עופר ניצח את יצחק תשובה במחלוקת של 25 מיליון דולר על מחיר הגז	0
נחתם: יצחק תשובה מכר את השליטה בהפניקס לקרנות סנטרברידג' וגלאטין	2
תשובה מסתבך בעסקת שברון: דלק נפלה 6%, האג"ח צנחו עד 15%	1
תשובה מתרחב: דלק תשקיע מיליארד דולר במאגר נפט במקסיקו	2
המדינה נהפכה לשותפה של תשובה במאגר תמר הדרומי	0
עוד פרישה מאידיבי? סמנכ"ל הכספים גיל קוטלר במגעים עם יצחק תשובה	2
סכסוך משפטי בין השותפים יצחק תשובה וקרן האצ'יסון	1
עסקת ענק ליצחק תשובה בים הצפוני: איתקה של קבוצת דלק רוכשת נכסי נפט ב-2	2
תעודת סל היתה מצליחה יותר: כך הסתיים הטיול הפיננסי של תשובה	1
תשובה רוצה עוד מהים הצפוני: דלק קרובה לרכישת שדות נפט וגז בכ-2 מיליארד דולר	2
למען יראו וייראו: יצחק תשובה מתעקש להוכיח שלכל אחד יש מחיר	1
יצחק תשובה ישקיע כ-115 מיליון שקל ברכישת עיקר האג"ח של דלק נדל"ן	0
280 מיליון שקל נשרפו ליצחק תשובה בשני קידוחים כושלים במפרץ מקסיקו	1
ההפרדה בין ריאלי לפיננסי תידחה? הבקשה המפתיעה של יצחק תשובה מהפיקוח	1
מהלך חד בנעילה: דחיית המכסים על סין הקפיצה את ת"א	0
תשובה מבקש להשאיר את הסדר החוב של דלק נדל"ן מאחוריו: מציע לרכוש את	2
איתקה של קבוצת דלק ברוד שואו לקראת גיוס אג"ח עצום של 700 מיליון דולר	1
ג'ורג' חורש רוצה להנזיל את הגז במאגרים של יצחק תשובה	2
עוגן בחו"ל: דלק במגעים לרכוש מאגרי גז משברון	2
תשובה מניע את ההתנתקות משוק הגז הישראלי	1
קרבות אגו בשוק הגז: התביעה התמוהה של תמר ודלק קידוחים	1
יצחק תשובה נגד עיריית ת"א: לא עומדת בהתחייבויות ומונעת הקמת מגדל מגורים	1
יצחק תשובה: "2019 תהיה השנה שבה נפיק את הגז מלוויתן"	0
מאגר תמר: שבע השנים הטובות מתקרבות לקצן	1
ישראמקו נגד תשובה ונובל: שותפות "תמר" הגישה עתירה מינהלית נגד חברת	2
תמורת 200 מיליון שקל – יצחק תשובה ושותפים רכשו 146 דונם של פרדסים בהוד	2
הוזלת הגז: מתברר שלתשובה ומימון יש נקודות רגישות	0
המסחר בת"א ננעל בירידות: ת"א 35 איבד 055%; מזרחי טפחות נחלשה ב-3%	1
עסקה מפתיעה לדלק קידוחים: נכנסת לשותפות בקידוחי אופק ויהל	0
מכונת המזומנים של תשובה: 60% מהכנסות דלק קידוחים ? ישר לרווח הנקי	0
תשובה נגד עיריית ת"א: דורש להסיר הווטו על היתר הבנייה למגדל 2 בגבעת עמל	2
הפעם הפיקוח יאשר? דלק תמכור את ההחזקות בחברת הפניקס בעד 25 מיליארד	2
תשובה ונובל ניצחו את ישראמקו: "אין אפשרות לתחרות ממשית בין לווייתן לתמר"	2
תביעת המיליונים של עיריית אשקלון נגד יצחק תשובה	2
גלאטין מצטרפת לסנטרברידג' ברכישת השליטה בהפניקס	0
הנהנה המרכזי מעליית תעריף החשמל: יצחק תשובה	1
"זה היה טירוף - מכרנו דירות חדר ב-6 מיליון דולר; רוכשים קנו פנטהאוז בעשרות	0
תשובה ירוויח פעמיים? הלפרין נתנה אור ירוק לכניסתה של הפניקס לתחנת הכוח	0
התיאבון של תשובה: רוצה לרכוש חלקים מרישיונות רועי, אופק ויהל	0
הפחתת ענק משווי ההחזקה בדלק רכב הובילה את קבוצת דלק להפסד רבעוני של	1
גז עצבים	1
קבוצת דלק מוכרת 30% ממניות חברת ההתפלה IDE לשותפות אלפא מים תמורת	2
הדילמה של בעלי החוב בדלק נדל"ן: לספוג תספורת או לצפות שמניית דלק תעלה	1
אלעד קנדה השלימה רכישת קרן הריט Agellan ב-302 מיליון דולר	0
תשובה מבקש מבית המשפט ארכה עבור המשא ומתן סביב עסקה חלופית בחוף	2
נחתם: דלק מוכרת את אחזקותיה בהפניקס תמורת 16 מיליארד שקל	2
יצחק תשובה מקרב את הפניקס לתוכנית פירוק גרעין השליטה	1
יצחק תשובה נפגש עם נשיא קפריסין ושר האנרגיה שלה בניו יורק	0
הכנסות קבוצת דלק גדלו ב-27% ברבעון השלישי: "קצב ההפקה מ'תמר' בשיאו"	0
גם במכרז הגז החדש יתמודד רק תשובה	1
הפסד לתשובה: ועדת הערר קברה את התוכנית להקמת 4 מגדלי מגורים בחוף	1
רשות הגבלים עסקיים: יצחק תשובה לא יוכל לרכוש מחברת החשמל תחנות כוח	1
לקראת הפיצול המתוכנן: דלק קידוחים נכנסת להשקעה ב-3 רישיונות חיפוש	2
צירוף מקרים פלאי: תמר ולווייתן הגישו את אותה הצעת מחיר במכרז של חברת	1
34 מיליון שקל הבעירו מחדש את המאבק על הנדל"ן הכי לוהט בתל אביב	1
העירייה התרצתה: המגדל השני של תשובה בפרויקט "פארק בבלי" יוצא לדרך	0
אלעד קנדה של יצחק תשובה רוכשת את קרן הריט הקנדית Agellan ב-297 מיליון	2