"שמעון שנהר הובא למנוחות: ""היה איש מדהים"""	2
WeWork גייסה 760 מיליון דולר לפי שווי 20 מיליארד דולר	2
"רובי גינל ימונה למנכ""ל החדש של התאחדות התעשיינים"	0
מכשירי השמיעה יתחברו לבית החכם	2
"קריסה בניו יורק: נאסד""ק צלל ב-4.1%, דאו ג'ונס ב-3.1%"	2
סופטבנק חותך את ההשקעה ב-WeWork מ-16 ל-2 מיליארד דולר	1
"WeWork תפתח עוד חללי עבודה בת""א ובירושלים"	0
ההפסדים של WeWork זינקו ביותר מפי 3 במחצית הראשונה ל-723 מיליון דולר	1
לפני הנפקת WeWork: אדם נוימן מימש אחזקות ב-700 מיליון דולר	1
הישראלים המשפיעים ביותר בניו יורק	0
WeWork ביטלה את גיוס החוב בארץ	1
שנה קשה ל-WeWork: הפסידה 2 מיליארד דולר ב-2018	1
עובדים אצלם: השנה הגדולה של WeWork	0
לראשונה: המגורים השיתופיים של WeWork בדרך לישראל	0
פרויקט מיוחד: טק והעיר הגדולה	0
"""יאללה, בואו נפתח את זה"": אלון נוימן לא מפחד לדבר על גבריות"	2
"ברק מוותר על הטובות של ביבי: אינטרקיור תייצר קנאביס בחו""ל"	1
להיות ישראלי בשוק העבודה האמריקאי	2
"אדם נוימן: ""מתגעגע לישראל כל הזמן, אבל לא הייתי יכול לבנות חברה כמו WeWork בארץ"""	0
לא צריך לצאת מהבית	2
הולכת לוול סטריט: wework הגישה תשקיף לקראת הנפקה	0
השווי של חברת WeWork עלה ל–20 מיליארד דולר	0
"עושים אקזיט, בעזרת השם"	0
"החברה הישראלית שקורסת ביותר מ-80% בנאסד""ק"	1
האיש שקובע מי באמת חשוב	2
"דני נוימן איננו האשם, הוא הקורבן"	2
ענקית חללי העבודה rent24 מגיעה לארץ	1
"השת""פ באוניברסיטה הופסק בגלל ""נגיעה לא הולמת בגופת אדם"""	1
"אייל עופר בראש: אלה 21 הישראלים העשירים ביותר בעולם עפ""י פורבס"	2
המוזיאון הראשון של אגם ב-40 מיליון שקל	0
WeWork מאשרת: סופטבנק השקיעה רק 2 מיליארד דולר בחברה	0
מדוע קיימת התנגדות לאבולוציה ולדארוויניזם?	2
מטהרן לעמק הסיליקון	2
ההנפקה הראשונית של WeWork - כבר בספטמבר הקרוב	0
בועות: דדי דדון בדרך לגהה	0
הבשורה על פי יהודית	0
השתיל ריבועים בבטן: הניתוח ששינה את חייו של גיל	2
"רשת ההוסטלים ""סלינה"" מגיעה לישראל"	0
בלשים עקבו אחר צנעני בעצרת; צפי לעוד מעצרים	1
ב.מ.וו משיקה ודנה אינטרנשיונל מופיעה	0
"ת""א ננעלה בעליות בהובלת מניות הביטוח: מנורה זינקה ב-7%, מגדל ב-6%"	0
WeWork מביאה את תחרות היוצרים לישראל	0
"חולמים בגדול, מגשימים בענק"	0
לביש	0
קלישאה נאמנה למציאות	2
השקיעו: קרן פלס ונועם טור מחופשים	2
הרוגה בפיגוע בבר אילן; הנהג והנוסעים החזיקו את המחבל	1
בלוז בתל אביב: בכירי המשק חווים נוסטלגיה	2
אושר מיזוג רשת וערוץ עשר	0
"בעלי רשת התייאשו: ""המיזוג עם ערוץ 10 מבוטל"""	1
משקיע אמריקני הצטרף לקבוצת חדשות-ישראל	0
18 שנים של כדורגל ערכי	0
רכילות עסקית: וויסקי במיליון דולר ומי אכל חגבים?	0
"אורי אנג'ל - מנכ""ל חברת האחים עופר ספנות"	0
"בועות: אסף גרניט, שף, כוכב טלוויזיה ועכשיו גם מרצה"	0
היוצרים יצאו להפגין ברחובות	1
"""ככל שתגדל הפעילות נוכל לסייע ליותר ילדים"""	0
שטראוס יישאר שותף בערוץ של רשת ועשר	2
עופר אניות תשקיע 30 מיליון דולר במיזם הרכב החשמלי	0
אורקל מדוושים ותורמים	0
"עמוס לוזון ואירית רחמים צמודים, שמעון מזרחי רוקד"	0
"אודי אנג’ל רוכש 20% מזכיינית ערוץ 2 ""רשת"""	0
"גם בעסקים: הקשרים בין ישראל וארה""ב פורחים"	0
משפחת עופר מחלקת את הרכוש	0
ללמוד לזכור	2
אנג'ל: אנחנו רואים את ערוץ החדשות כעסק בלבד	0
חגיגה של קניונים: הבכירים יורדים דרומה לאילת	0
בועות: ההופעה הראשונה של דיקלה אחרי הבשורה המרגשת	0
הרוכבות בוורוד נלחמות בסרטן השד	0
"יולי עופר מנפיק בבורסה את עסקי הנדל""ן שלו בחו""ל"	2
ליאור רז במכירה פומבית להגשמת משאלות	0
עידן עופר מוכר את כל החזקותיו ברשת ולא יפעל בתחום התקשורת במשך 25 שנה	2
בועות: השר שטייניץ במפגש עם עמיתו האוסטרלי	0
נבזלין מתלהב מהביטלס	0
ערוץ האיחוד	0
אודי אנג'ל: סמי עופר לא מרוויח כלום	2
אייל עופר ואודי אנג'ל נכנסים לנטוויז'ן	0
"יד מנצחת: יצפאן, וולדמן ורפאלי בפוקר למען וראייטי"	0
סיפורי ההרוגים במחסום ארז	2
השליטה בלומניס נמכרה ב-120 מיליון דולר	0
בועות: קמפיין חדש לקסניה טרנטול	2
ליאור סושרד בורח לפנטזיות	0
"מנכ""ל חדש לצים: דורון גודר"	2
"אליפות ישראל הפתוחה - ע""ש ליאור וישינסקי"	0
כדורעף נשים: אליפות ראשונה למכבי חיפה	2
גם לדנקנר יש כנפיים: רכש מטוס ב-26 מיליון דולר	0
אורי אנג'ל	0
מוכרחה להיות שמח	0
"שגעת פורים: גברים בשמלות, ישבנים חשופים ושרון איילון בשאנטי של החיים"	0
בועות: נסרין קדרי גוזרת קופון	2
בר מצווה בשחקים	0
בועות: כשיוני רכטר מתגייס לעזור כולם מרוויחים	2
מסר לאומה	1
האימפריה של משפחת עופר	0
בועות: מורגן פרימן יככב בפרסומת של תדיראן	2
תביעה נגד עידן עופר: העביר כסף לצים בלי אישור	1
בלעדי: גל פרישות ושינויים פרסונליים בצמרת צים	1
חדשות 24 : מתחילים לפרק	1
בועות: עינת שרוף חוזרת לגנקי	0
"רשת: ""מוכנים למעבר ל-7 ימי שידור"""	0
מצב ביש	1
"רשות המסים תפתח בחקירה בעקבות מסמכי פנמה: ""נבדוק שם שם ברשימה"""	1
קרן הביוטכנולוגיה של האחים עופר הקפיאה פעילותה	1
"בארון ובבריכה של ענת כרם אנג'ל: ""נשים היום קיבלו אומץ וביטחון"""	0
"אודי אנג'ל פורש מתפקיד יו""ר צים"	2
רונה רמון מודל לחיקוי. רכילות עסקית	0
סמי עופר רכש את השליטה בחברה לישראל	2
היום שאחרי האחים עופר: אימפריה במים סוערים	1
סמי עופר רכש את השליטה בחברה לישראל	2
רומן אברמוביץ' הוא החל מהיום הישראלי העשיר ביותר	1
"דירוג עשירי העולם של פורבס: גייטס מוביל, טראמפ צולל"	0
"פרידה במשפחת עופר: ליאורה תחזיק במליסרון, ואייל - בבנק מזרחי"	2
אייל עופר רכש בניין במנהטן תמורת חצי מיליארד דולר	0
"שיא במספר המיליארדרים בעולם, 13 ישראלים"	0
עידן עופר ינפיק חלק מהחברה לישראל בלונדון	2
קרב הירושה הוכרע: ליאורה עופר זכתה	1
"ליאורה עופר מכרה פנטהאוז בת""א ב-47 מיליון ש'"	2
18 ישראלים בדירוג המיליארדרים העולמי	0
איך ציוץ אחד הפך עובד הייטק זוטר למיליארדר	2
ז'ק דלל דורג במקום ה-44 ברשימת עשירי בריטניה	2
נחתמה ההיפרדות במשפחת עופר: ליאורה תחזיק במליסרון ואייל בבנק מזרחי	2
באר שבע מול תל אביב: כך הפילנתרופיה מנציחה פערים	0
"אייל עופר תורם 10 מיליון ליש""ט למוזיאון בלונדון"	0
אייל עופר מופיע ברשימת עשירי בריטניה	0
אייל עופר יקים 5 בתי מלון בהשקעה של 800 מיליון דולר	0
"שטרית: ""לא איבדתי רק אח, אלא חבר"""	2
החברה הראשונה שמנגישה פרסומות לעיוורים	2
עובדת זרה לא חוקית נעצרה בביתו של אייל עופר	1
שיא במספר עשירי העולם	0
סמי עופר נוטש את לונדון - וחוזר לישראל	0
"תשובה נגד עופר, גרסת המגדלים"	1
"""דורון עופר רוצה למרר את חיי אחותו ליאורה"""	1
הבן של סמי עופר ניצח את דונאלד טראמפ	0
בועות: האקזיט של רות חשין	2
"עידן עופר תורם 25 מיליון לבי""ס בלונדון"	2
אייל עופר ואודי אנג'ל נכנסים לנטוויז'ן	0
"סמי עופר למנוחות: ""לא פעל דקה נגד המדינה"""	0
משפחת עופר רכשה 15.3% מקבוצת חבס	2
אייל עופר רכש מגדל בניו-יורק ב-370 מיליון דולר	0
"אייל עופר בראש: אלה 21 הישראלים העשירים ביותר בעולם עפ""י פורבס"	0
שאלת ה-10 מיליארד: קבוצת עופר לאן?	2
שנה טובה לאלפיון העליון: 22 ישראלים בדירוג המיליארדרים השנתי של פורבס	0
בעלי מכבי שחבר לנסיך הסעודי: המיליארדר החדש	0
אייל עופר שותף בפרויקט בנייה ענקי במנהטן	0
חבר של החברה שלי ולהפך	2
השרים אישרו: מאסר וקנס לעושי עסקים עם איראן	1
הזמר עופר לוי חוזר להופיע	2
"""עופר השקעות מפרה התנאים במזרחי-טפחות"""	1
אחרי בזוס וגייטס: ברנאר ארנו - השלישי בעולם ששווה יותר מ-100 מיליארד דולר	2
ליאורה עופר בוחנת את מכירת מליסרון	2
ליאורה עופר פורצת דרך	2
אקזיט ענק לחברה הסודית מקיסריה	2
קרב הירושה נפתח: דורון עופר יבקש צו מניעה	2
הלוחם מספר 1 בסיגריות האלקטרוניות התפטר	2
גייטס האיש העשיר בעולם: 79.2 מיליארד	0
"רשימת העשירים של פורבס: גייטס שוב ראשון, אייל עופר במקום ה-156"	0
המדינה תקבל פירורים מהמיליארדים של עופר	2
17 ישראלים ברשימת המיליארדרים העולמית	0
ההיפרדות במשפחת עופר צפויה להניב למדינה חצי מיליארד שקל	2
העלוקה: מתנחמים בנשיקה	2
מגרש ביתי: בית עם גינה ב-250 אלף דולר	2
בועות: הדשא של השכן	2
הכי טובים שיש	0
"פתיחי הסדרות שעשו לנו את זה, וזהו זה"	2
העלוקה: ניב ומאור זוגיים	2
'מה עושים כשיש 'צבע אדום'?'' חדר האוכל הקיבוצי הפך למתחם הייטק שיתופי	2
"ביל גייטס ל-ynet: ""ישקר מזכירה לי את מיקרוסופט"""	2
מבצעים: סוף סוף סוף עונה	2
פרופ' נדיר ארבר משיק בית של בריאים	0
"וורן באפט: ""ישקר ממשיכה להדהים אותנו"""	0
אומגה בפה ועל היד	2
בועות	0
יד ביד: גם בגליל יש מרכז לשיקום נכים	2
בית אבות למכוניות	2
מתכוננים ליום כיפור: כל מבצעי האופניים	2
שיירת מכוניות ב-30 מיליון שקל. רכילות עסקית	2
צפו: גלית גוטמן ונועה תשבי פוגשות את מלכת היופי	2
טובים השניים מן האחד	2
"ד""ר פישר מתרים לילדים בסיכון"	2
בלוז בתל אביב: בכירי המשק חווים נוסטלגיה	2
"עוגיות לחמי יימכרו ב""דין אנד דלוקה"" בארה""ב"	2
כמה שוות הבנות של סטף ורטהיימר?	0
קמפיין למתחתנים הערביים בגמר היורו. רכילות עסקית	2
בועות: אביב אלוש ואבי לוי חוגגים	0
המדריך	2
המדריך	2
איפה האופק?	2
בינתיים: נועם פדרמן לא ישוחרר למעצר בית	1
המדריך	2
הפרקליטות מייחסת למחתרת היהודית את הפיגוע בצור באחר	1
הרולס רויס של אל על והזכייה של הפועלים	0
בועות: הדשא של השכן	2
המדריך	2
הבורסה ננעלה בעליות; רמי לוי קפץ ב-8.1%	0
איש הבלוקצ'יין חוגג ומתוודה	2
מרגש: לירן כוהנר וגיא גיאור התחתנו	2
מאיר שני: השנתיים וחצי האחרונות היו הקשות בחיי	1
"איתן ורטהיימר: ""חוזרים לכלכלה האמיתית"""	0
הנהג שדרס ארבע נערות בקיסריה הסגיר עצמו	2
ורטהיימר על רכישת הענק: 20 שנה חלמנו על זה	0
הממונה על ההגבלים אישרה את עסקת ישקר-באפט	0
הסדר פשרה בעמותה של סטף ורטהיימר: ימונו חברים חדשים	2
"הזוג קיילי תרם 12 מיליון שקלים למרכז הרפואי רמב""ם"	0
המיליארדר איתן ורטהיימר מכר את היאכטה שלו	2
באפט לורטהיימר: לא מפחד ולא מתחרט על העסקה	0
באפט: אבוא לארץ בספטמבר לבחון השקעות נוספות	0
המשבר הכלכלי מגיע גם לישקר	1
נתניהו לאיתן ורטהיימר: תעודת כבוד לכם ולתעשייה הישראלית	0
המנצחים והמפסידים של השבוע	0
רשימת הנכסים של המיליארד איתן ורטהיימר	0
איתן ורטהיימר: אין מה לפחד מהמשבר	0
בועות: הקמפיין המשותף של בנות משפחת ורטהיימר	0
ורטהיימר קנה את מטוס המנהלים היקר בעולם	0
העלוקה בשישי	2
עדי שטראוס מכר 50% מהפרויקט באי היווני לסבוס	2
אקזיט: משפחת ורטהיימר מוכרת את להבים	0
"אולמרט על עיסקת ישקר: ""מתנה גדולה לישראל"""	0
"""ישקר עוברת מחברה רב-לאומית לחברה גלובלית"""	0
שופט אסר על סטף ורטהיימר להיכנס לוילה שבנה	1
בלעדי: שי אגסי פורש מ-SAP לאחר 6 שנים	0
ההשתלטות הושלמה: באפט קונה עוד 20% מישקר	0
"ורטהיימר: ""כל הממשלות השקיעו בשטחים ולא בצפון"""	2
גם אם רוצים אי אפשר להוציא המפעל מהארץ'	0
ורטהיימר: הלקוח בצרות? תמצא לקוח חדש	0
משפ' ורטהיימר תשלם 1.8 מיליארד שקל מס	0
"איתן ורטהיימר: ""התגעגענו לנועם שליט בישקר"""	0
"ורטהיימר: המשק צריך לעשות מה שעשה צה""ל"	0
"וורן באפט: ""ישקר ממשיכה להדהים אותנו"""	0
ורטהיימר מציגה: החופש להשתחרר	0
ורטהיימר: רק מעט חברות בארץ מתאימות לבאפט	2
זעזועים בצמרת חברת ישקר	1
איתן ורטהיימר: נשלם מס לפי הספר	0
וורן באפט קנה 80% מישקר ב-4 מיליארד דולר	0
"ישקר מגישה עתירה לבג""ץ נגד התמ""ת"	1
ורטהיימר ישלם מיליארד דולר מס הכנסה	0
"""תחושת בגידה והתקוממות"": הצרות בעמותה של סטף ורטהיימר"	2
פורבס: סטף ואיתן ורטהיימר - העשירים ביותר בישראל	0
באפט יחפש עם ורטהיימר את ישקר הבאה	0
נהיה לי חשק להיות אמא	0
"ורטהיימר: ""לבדוק אם ירידת הדולר ספקולנטית"""	2
אוצר משפחת ורטהיימר: 3-4 מיליארד דולר	0
באפט בישראל: יבקר היום בישקר וייפגש עם אולמרט	0
ורטהיימר מרחיב את השקעות ישקר במזרח הרחוק	0
"ישקר של ורטהיימר עתרה לבג""ץ נגד התמ""ת"	1
השביתה: אפילו איתן ורטהיימר מצדיק את עיני	0
כמה שוות הבנות של סטף ורטהיימר?	2
ורטהיימר מציגה שחרור	0
בועות: wix מגייסת את שאקיל אוניל	0
ליאור רז במכירה פומבית להגשמת משאלות	0
"איתן ורטהיימר: ""אין בעיות בחברת ישקר"""	1
חברת הדפוס הדיגיטלי ג'מטקס גייסה 3 מיליון דולר	0
בכוחות עצמי	0
"איתן ורטהיימר: סטף, בעיני, הוא נביא"	0
ורטהיימר: צריך ועדת חקירה לחינוך	1
הושלמה עסקת ישקר: באפט משלם 4 מיליארד דולר	0
סטף ואיתן ורטהיימר: כסף זה לא העיקר	0
המהפכים וההפתעות: כל התוצאות בערים המרכזיות	0
בועות: טוכמאייר משקיעה בדוקו	0
"דיווח: ""מילצ'ן ביצע נסיגה בעדותו נגד נתניהו""; דוברו: ""לא ידוע על שינוי בעדותו"""	1
המפיק ארנון מילצ'ן שותף במפעל בעכו	0
"""חוק מילצ'ן"": הטבות מס בהיקף עצום לתושבים חוזרים"	1
"מילצ'ן ביקש סיוע בחידוש הוויזה, נתניהו ביקש את הסיגרים"	1
"לפיד ביקש חוות דעת על חוק מילצ'ן. אמסלם: ""לחקור אותו"""	1
"גרסת מילצ'ן לתיק המתנות: ""זה לא שוחד"""	1
"""ביקשו לתת אז נתתי"""	1
ארנון מילצ'ן העיד שוב בפרשת נתניהו	1
מפנק מפנק	1
ההמלצה להעמיד לדין את ארנון מילצ'ן לא ירדה מהפרק	1
ההסתבכות	1
"ארנון מילצ'ן ל-ynet: ""לא עשיתי כלום, לא עברתי עבירה"""	1
"ח""כ אמסלם שלח מכתב למילצ'ן: ""אם נפגעת - מצר על כך"""	1
האלבום של נתניהו: מילצ'ן ואני	1
"עדות מילצ'ן נחשפת: ""יש לכם קארט בלאנש לתת לביבי ושרה מה שהם רוצים"""	1
מפאקר ועד טאטא: המעורבים בתיק 1000	1
"""המפיק ארנון מילצ'ן מימן קניית רכיבים לגרעין"""	1
החשד: מילצ'ן שיחד את נתניהו	1
סכין וקצף גילוח באמצע הלילה: הדרישות של שרה נתניהו ממילצ'ן	1
ארנון מילצ'ן ימשיך לעבוד עם מרדוק עד 2022	0
ארנון מילצ'ן ישקיע בפיתוח פורמטים בישראל	0
"אלינור מילצ'ן: ""כל מפגש עם אבא בילדותי היה מיוחד"""	0
תיק 1000: תשתית ראייתית לשוחד נגד המיליארדר מילצ'ן	1
"העוזרת של מילצ'ן: ""שרה נתניהו ביקשה לשים את הסיגרים והשמפניות בשקיות כהות"""	1
"""מילצ'ן התעקש שנתניהו יאמר לו שזה חוקי לתת תכשיט לשרה"""	1
האישה שיודעת הכול: אשת הסוד שעלולה לסבך את נתניהו	1
"דיווח: ""מילצ'ן העיד שהזוג נתניהו דרש את השמפניה והסיגרים"""	1
"המשטרה: נתניהו קידם חקיקה שתיטיב עם מילצ'ן, פעל בניגוד לאינטרס המדינה"	1
מילצ'ן-שילוח: נפעל לקיום כל מחוייבות ערוץ 10	0
"החוקרים למילצ'ן: ""שיחדת את נתניהו תמורת הסיוע שהעניק לך בענייני ערוץ 10"""	1
תראו אותי	0
"""מתנות"" במיליון שקל"	1
"היועמ""ש סגר את התיקים נגד ח""כ כבל בתיק 2000 ונגד מילצ'ן בתיק 1000"	0
"שלוש שעות חקירה בלונדון: ""מילצ'ן חיזק את החשדות נגד נתניהו"""	1
ארנון מילצ'ן השלים רכישת 50% מיבואנית סוזוקי	0
מילצ'ן נגד מילצ'ן	0
ארנון מילצ'ן ייכנס כשותף בערוץ 10	0
"המיליארדר שסיפק על פי החשד טובות הנאה לנתניהו מגיב: ""מביך ומדאיג לראות קמפיין השמצות מטעם נושאי כלים"""	1
"עורך דינו של מילצ'ן: ""ההמלצה מתעלמת מעובדות"""	1
"מנהל רשות המסים: למדינת ישראל אין מושג כמה עולה ""חוק מילצ'ן"""	1
"עדות העוזרת של מילצ'ן: ""רכישת השמפניות - ביוזמת הזוג נתניהו, שרה צעקה עליי"""	1
הסודות של ארנון מילצ'ן	1
נתניהו ועד המדינה: גרסה מול גרסה	1
ארנון מילצ'ן צונזר מסרטון הצדעה לישראל בהוליווד	0
"""אין לשרה גבולות"""	1
"מילצ'ן ליועמ""ש: לבדוק מי הורה למחוק אותי"	1
המשטרה ממליצה להעמיד לדין את נתניהו על שוחד בתיקים 1000 ו-2000	1
איש העסקים ארנון מילצ'ן נחקר בחשד למתן שוחד לראש הממשלה	1
"כך ""הרדימו"" החוקרים את מילצ'ן בשביל לחזק ההמלצות נגד נתניהו"	1
דיווח: נתניהו שוחח עם מזכיר המדינה האמריקני כדי להסדיר בעיה בוויזה של איש העסקים ארנון מילצ'ן	1
עדות העוזרת של מילצ'ן: דגן והמוסד ארגנו את המסוק לירדן	1
"מילצ'ן, נתניהו ותכשיטי הפאר"	1
"עדות מילצ'ן על הזוג נתניהו: ביקשו ""עלים"", ""ורודים"", מעילים. גועל נפש"	1
"עדות פאקר: ""מילצ'ן ביקש שאעזור במתן מתנות"""	1
"""קו אספקה של סיגרים ושמפניות"": טובות ההנאה של מילצ'ן לנתניהו - תיק 1000"	1
"""ישראל הפכה למקלט מס מהגרועים שיש"""	1
נחתם ההסכם לכניסת קבוצת מילצ'ן-שילוח לערוץ 10	0
"דיווח: נתניהו ביקש ב-2014 גם משגריר ארה""ב לסייע למילצ'ן"	1
סאגת סופו: סיטואציה בלתי נסבלת / מליניאק ברביעי	1
שמעון מזרחי זכה בפרס ישראל בתחום הספורט	0
"שמעון מזרחי קיבל פרס ישראל: ""רגע מיוחד"""	0
"הרצליה: 124 דירות חדשות ייבנו ליד שדה""ת"	0
נקש בהנחת סלב לבאטלר	2
בן-גביר מל את בנו סמוך לקבר ברוך גולדשטיין	2
טלי פחימה הועברה למעצר מינהלי	1
"""בשנה הבאה ניפטר מהערבים, בעזרת השם"""	2
"מיסז'ניקוב מסכם קדנציה: ""לא טעיתי בכלום"""	2
שג'ף רוזן ילמד ממכבי תל אביב / טור	2
בועות: על מה נתבעת פנינה רוזנבלום?	1
עלון מהימין הקיצוני לחיילים: לא לשרת בצבא הגירוש	1
"""לעצור את פדרמן לפני מעשה, ולא אחריו"""	1
הפריימריז: חריגות - וקומבינה בתעשייה האווירית	1
בקרוב: חיפושי נפט במערב ראשון לציון	2
איך זה שאני מחפש תשובה ולא מוצא: הבור אליו נכנסה מכבי תל אביב	1
אסיר שוחח עם ואנונו - והושלך לצינוק	1
נמלת האש המזיקה התגלתה בהוד השרון	1
"הונחה אבן פינה לבית פדרמן, פלסטינים הותקפו"	1
הר הבית: התפילה הסתיימה ללא אירועים חריגים	2
"מכבי ת""א מינתה יועץ: יונה ויזנטל"	2
המדריך	2
היועץ מזוז: יש יותר ממידע שואנונו מתכוון להפר את החוק	1
נעם פדרמן נעצר בחשד להפרת מעצר הבית ושוחרר	1
"רשמית: הנהלה חדשה לבית""ר ירושלים"	2
"הנגבי: ""יש לבדוק את קבלת ההחלטות בפרשת שייחט"""	2
מחאת אנשי החינוך והאקדמיה - המכתב המלא	2
עובדה שלא שאלתם / מליניאק	2
"וויצ'יץ' מונה למנהל מכבי: ""אני מרגיש מבורך"""	0
לראשונה בישראל: פסטיבל וידאו דאנס	2
תכלה שנה וקללותיה	1
"דריק שארפ: ""נזכור את מוני פנאן תמיד"""	2
בזן מוחה על העיכובים בהנחת צינור הגז	1
"""מוני פנאן לא היה נוכל, אלא סתם שלומיאל"""	2
"מדד ""שלום עכשיו"": הסתה אחת בשבוע"	1
מייסד סופוור: למנות מנהל מיוחד לחברה	2
לתפארת מדינת ישראל: אלו 16 החתנים והכלות	1
צ'ק פוינט: רווח של 77 מיליון דולר ברבעון	0
עדיף כישלון מפואר: מה באמת קרה לטכנולוגיות שפותחו בישראל	2
"פרס ישראל לתעשייה ליהודית ויהודה ברוניצקי, מייסדי אורמת"	0
שווי האופציות של עובדי צ'ק פוינט: 48 מיליון ד'	2
בועות: ג'יי לו כבר בקשר	2
"גיל שויד: ""אם מישהו רוצה, זה לא מאוד קשה לפגוע לך בסדר החיים"""	1
"גיל שויד: ""ייתכן שלאט־לאט הפעילות שלנו תעבור לחו""ל"""	2
"ריבלין בירך את מייסד צ'ק פוינט: ""הראוי ביותר לפרס ישראל הראשון בהייטק"""	0
בועות: החתונה המשוחזרת של צחי ולוסי	2
"רוב גברי מוחץ בין מקבלי פרס ישראל: ""אין נשים ראויות?"""	2
צ'ק פוינט: רווחי הרבעון עלו ב-24% ל-93.4 מיליון דולר	0
צ'ק פוינט: מנהל פתרונות האבטחה עזב לסטארט אפ	2
"גיל שויד יפתח היום את המסחר בנאסדא""ק"	2
צ'ק פוינט: מענק של 2 מיליון אופציות לגיל שוויד	0
"כשבכירי המשק הגיעו לפוניבז': ""מה שהיו עושים איתם ב-8200"""	2
בועות: מיהם אנשי העסקים שנהנו בהופעה של קווין?	2
נבחרת ישראל	2
בועות: טאיזו חוגגת יום הולדת 5	2
צ'ק פוינט נכנסת לתחום מוצרי החומרה	2
גיל שויד: צ'ק פוינט אינה למכירה	2
גיל שוויד: המתחרים שלי לא מעניינים אותי	2
צ'ק פוינט: ההכנסות והרווח עלו על התחזיות	2
המנצחים והמפסידים של השבוע	2
רבעון שיא לצ'ק פוינט: הרווח עלה ב-14%	0
כשאסתי גינזבורג פגשה את ג'יי לנו ואת אבא של אנג'לינה ג'ולי	2
גיל שוויד מכר ב-2018 מניות צ'ק פוינט ב-360 מיליון דולר - וירד להחזקה של 17.6%	2
"גיל שויד: ""ההיי-טק סוגר פערים חברתיים"""	2
צ'ק פוינט: ההכנסות ירדו ב-4% ל-139 מיליון דולר	1
צ'ק פוינט עוקפת את התחזיות עם הכנסותיה ברבעון	0
"פורבס: ""HP עשויה לרכוש את צ'ק פוינט"""	0
צ'ק פוינט: ההכנסות ברבעון גדלו ב-22%	0
"גיל שויד: ""אפילו הילדים שלי לא יודעים למי אני מצביע"""	2
"מגעים למכירת ""בית שלוש"" למייסד צ'ק פוינט, מריוס נכט"	2
לראשונה: פרס ישראל בתחום הטכנולוגיה יוענק לגיל שויד	0
בורסה: יש מקום לאופטימיות זהירה ב–2017	2
שויד יוצק בטון. רכילות עסקית	1
צ'ק פוינט: אופציות בשווי 44 מיליון דולר	0
"אייל עופר בראש: אלה 21 הישראלים העשירים ביותר בעולם עפ""י פורבס"	0
"""מאבטחים את החברות הגדולות בעולם"""	2
גיל שויד זכה בפרס האקדמיה האמריקנית להישגים	0
הפך את החזון למציאות	0
שוויד: אני רוצה להצליח וליהנות עוד יותר	0
שויד מבקש למכור 400 אלף מניות צ'ק פוינט	2
"6 מחברות האבטחה הגדולות בעולם בשת""פ מודיעיני"	0
צ'ק פוינט מפנקת: חופשה לכל העובדים במקסיקו	0
האחדות והתקווה	2
קטגוריה משל עצמו	2
"""בעל המאה הוא בעל האחריות"""	2
בועות: הקמפיין החדש של קושניר. יפתח קושניר	0
"מייסד צ'ק פוינט על פרשת פייסבוק: ""זו לא הייתה דליפת מידע"""	2
"גיל שוויד: כולם טעו, אני צדקתי"	2
חוד החנית: הישראלים שמשנים את העולם	0
לראשונה: פרס ישראל בתחום ההייטק למייסד חברת צ'ק פוינט	0
"אלונה ברקת: ""אני אהיה שרת הדרום בממשלת נתניהו"""	2
"ביהמ""ש ביטל את צו המעצר המינהלי נגד פדרמן"	2
שוב: נוער הגבעות השחית רכוש פלסטיני בחברון	1
"ספונסר חדש למכבי ת""א - חברת אלקטרה"	0
שרשרת טעויות איפשרה לנועם פדרמן שיחרור ממעצר בית	1
"פדרמן: ""גרשון יישאר גם אם נאבד אליפות"""	2
הרולס רויס של אל על והזכייה של הפועלים	0
"צריך להביא משאית צל""שים לשחקני מכבי"	2
בועות: סנדי בר מתמקדת בקמטים	2
דירוג האשראי שתקבלו עלול למרר את חייכם	1
"אזעקה על הסט: צילומי ""גויאבות"" בצוק איתן"	1
"ח""כ רותם: אם יפנו אותי מביתי, לא תהיה הידברות"	1
"החברה לישראל גייסה 1.23 מיליארד שקל לרכישת בז""ן"	0
"רוכשי בז""ן ""ירשו"" גם את זיהום האוויר והמים"	1
פדרמן נעצר: תיכנן להקריב גדי ליד הר הבית	1
הרב יוסף: למגרשי פדרמן אין חלק בעולם הבא	1
הבטחות לחוד ומציאות לחוד: מה באמת ייצא לפועל מדבריו של דייויד פדרמן?	2
"ליאורה עופר מכרה פנטהאוז בת""א ב-47 מיליון ש'"	2
"נועם פדרמן: השב""כ רודף יהודים על לא עוול בכפם"	1
"ביהמ""ש המחוזי בירושלים ביטל את צו המעצר המנהלי נגד נועם פדרמן"	0
"בז""ן תשקיע 1.1 מיליארד דולר בשדרוג בית הזיקוק"	0
"בלעדי ל""כלכליסט"": עלית נפרדת ממכבי ת""א"	1
חוקרי רשות המסים פשטו על חנותו של דוד דגן	1
"""התוכנית הכלכלית תושלם תוך שבוע"""	2
לא רק טאבה: מצרים רוצה את מלון המלך דוד	0
נשותיהם של בן-גביר ופדרמן הפגינו - ועוכבו	1
העתיד שהיה: טלפון בלי חוטים	2
"נועם פדרמן חשוד ב""תג מחיר"" אחרי גניבת עדרו"	1
פדרמן הושלך לצינוק כי סירב להתפנות מחצר הכלא	1
"חשד: נועם פדרמן ""פוצץ"" את השיחות הביטחוניות"	1
מה ומי במיאמי	2
המחוזי ביטל את זיכויו של פדרמן מתקיפת שוטר	1
ראשי המגזר העסקי: נלחץ להקמת ממשלת אחדות	1
"דייויד פדרמן: ""פיני גרשון חולם בהקיץ"""	0
"השגריר פרידמן מגן על טראמפ בכנס לזכר הטבח: ""האשמה - רק על הרוצח"""	2
חידוש המלון האיקוני בהרצליה	2
"בז""ן משקיעה 50 מיליון דולר בשידרוג מתקן זיקוק"	0
"דיוויד פדרמן ביצע החייאה ב""איש ברזל"" - והציל את חייו"	0
בועות: על מה נתבעת פנינה רוזנבלום?	1
היועץ המשפטי של עמידר התנגד להשכרת בית החברה ללא מכרז	1
דייויד פדרמן צדק / טור	0
בכירי המשק לאולמרט: לא להרחיב את התקציב	2
נועם פדרמן עוכב לחקירה לאחר שסירב להתרחק מהר הבית	1
המטרה של דיוויד פדרמן: יעקב שחר	2
"מראני: ""השאיפה  - לגדול ב־20% השנה"""	0
האימפריה של דיוויד פדרמן	2
"מכבי ת""א ניצחה באשדוד 2:3 - צמד לאמבמבה"	0
בזן מוחה על העיכובים בהנחת צינור הגז	1
בועות: איפה קנה אהרוני 3 דירות להשקעה	2
הפטרוכימיים: הוצאות המימון ברבעון הובילו להפסד	1
יודע את מחירו. על הישארות בלאט במכבי	2
עדי פדרמן	2
משרד הכלכלה מחכה עם אזהרה לציבור	1
"3 חברי ""מחתרת בת עין"" הורשעו בניסיון לרצח"	1
רשת מלונות דן: רווח נקי של כ-4 מיליון שקל ברבעון	0
פטרוכימיים מחלקת דיבידנד של 157 מיליון שקל	0
"הנהלת מכבי ת""א ממשיכה להביך"	1
"מנכ""ל חדש-ישן לבזן: ישר בן מרדכי"	2
"ח""כ דוד אזולאי ביקר את נועם פדרמן בכלא: נשקפת סכנה לבריאותו"	1
צפו: כך ייראה המגדל שאמור לשנות את קו הרקיע של תל אביב	0
המיזם של דנה עזריאלי: פנטהאוז ב-20 מיליון שקל	0
"מחאת יוצאי אתיופיה מתחדשת: ""מוכנה לדמם ולמות"""	1
חשמל לזכר רבין	2
עזריאלי רוכשת פרויקט דיור מוגן ברעננה	0
רכילות עסקית: תורמות ומצטלמות למען נשים מוכות	0
110 מיליון שקלים לצמצום פערים בחינוך	0
דוד עזריאלי מצרף את בתו לעסקים	0
דוד עזריאלי הלך לעולמו בגיל 92	1
דנה עזריאלי תערוך כנראה שינויים בהנהלה	1
הגידול בצריכה הפרטית הביא לעלייה ברווחי הקניונים של עזריאלי ומליסרון	0
ליאוניד נבזלין מפגין זוגיות. רכילות עסקית	0
"""מעכשיו אני עוסק רק בפילנתרופיה"""	0
"משפחות הנדל""ן בישראל מעבירות את השרביט לדור הבא"	0
המהפך הדרמטי של ההייטקיסטית	2
דנה עזריאלי משיקה	2
עזריאלי מרפד את ילדיו: יקבלו 60% מהמניות	0
קרן עזריאלי תתרום 110 מיליון שקל לרשת בתי הספר דרכא	0
סכנת חיים בעזריאלי שרונה - אריח זכוכית עצום נפל לקרקע; אין נפגעים	1
הערב יושק המגדל הגבוה בישראל	0
"הידרדרות במצבו של דוד עזריאלי, בתו תחליפו"	1
"קבוצת עזריאלי רכשה בית דיור מוגן בת""א"	0
"קניון עזריאלי ראשונים: בלי זארה, עם H&M הום"	2
"עופרה שטראוס: ""אני רואה באפליית נשים כישלון של הדור שלנו"""	1
"בועות: כ־2,000 איש השתתפו בוועידת ""ישראל, סיפור הצלחה"" של ""ידיעות אחרונות"" ו־ynet. הנה כמה מהסיפורים שקרו שם."	2
קניון עזריאלי במודיעין נחנך - הבנייה נמשכת	0
בועות	2
"""דמות קנדית גדולה"""	2
"תפקיד ראשי: המנכ""ל החדש של הקאמרי מפתיע בסולו"	0
הוברמן נוסטלגי וקיויתי שומר על רוח ספורטיבית	0
קבוצת עזריאלי רוצה לשלוט בתל-אביב	2
"עזריאלי: קיפאון ברווח, שיפור במדדים תפעוליים"	0
קבוצת עזריאלי תקים דיור מוגן בלהבים	2
"הקניון החדש ברמלה: בלי זארה, עם h&m"	1
עזריאלי השיקו דיור מוגן	0
"זעזוע בקבוצת עזריאלי: המנכ""ל יובל ברונשטיין התפטר במפתיע"	1
לוזון קורץ לפרארי. רכילות עסקית	2
האימפריה של דוד עזריאלי	2
אורי גלר הפך את הכפית של מייקל ג'קסון לקסדת מלחמת הכוכבים	2
הקניונים ממשיכים לצמוח: עלייה בהכנסות וברווחים של עזריאלי	0
אסף זמיר מוקיר את מדריכי הפסגות	2
קרן עזריאלי תתרום 110 מיליון שקל לרשת בתי הספר דרכא	0
האימהות הספרניות של עזריאלי וקאופמן	2
לקראת 12 אלף דירות: עסקת ענק בפי גלילות	0
הייטקיסטיות מישראל בעמק הסיליקון	2
"עסקת ענק לעזריאלי: דיור מוגן בראשל""צ"	0
עזריאלי השיקה אפליקציה עם קופונים. בקרוב - אתר סחר	0
דנה עזריאלי	2
רווח נקי של 821 מיליון שקל לעזריאלי – תחלק דיבידנד בגובה 400 מיליון שקל	0
מקניונים לאינטרנט: עזריאלי קונה את חברת BUY2	0
בועות: דנה עזריאלי מרעננת את השורות ואת השכר	0
"עזריאלי: עלייה של 11% בהכנסות משכירות, פדיונות הקניונים עלו ב-3.5%"	0
שרונה פיק ילדה  בת בכורה	0
העלוקה: מי זרק את התלבושות של דנה פרידר ורונה לי שמעון?	2
מתחם שרונה	2
בעושר ובעושר: מי חגג במסיבות יום העצמאות?	0
"עמוס פרישמן: ""דייויד פדרמן אמר ששמעון מזרחי נמצא בניגוד עניינים"""	1
"צ'ק אין, רום סרוויס, ואפילו שליטה במזגן: האפליקציה של ""דן"" משנה את חוקי המשחק"	2
שמחה כפולה: שרונה פיק בהריון שני	0
אתה לא בתוכניות	2
הרצליה: אושרה הרחבתו של מלון דן אכדיה	0
מרגש: לירן כוהנר וגיא גיאור התחתנו	0
"קייטנת הגבעות: הצצה נדירה למחנה האימונים של ארגון הימין הקיצוני להב""ה"	0
"דייויד פדרמן: ""הגרעין של הקבוצה הזו יישאר"""	2
"מנכ""ל בזן המתפטר: ""הרגולציה הסביבתית הפכה להיות בלתי אפשרית"""	1
הבן החורג עזב את הבית	1
"מכבי ת""א מציגה: השותפים החדשים בבעלות"	0
"שקט, חותכים: הברית של משפחת פיק"	2
הרצליה: וילה במחלוקת בחוף של מיקי פדרמן	2
כך נראה הפינוי מחוות פדרמן: הכוח והקללות	1
"אושרה הרחבת דן הרצליה; שכ""ד של 350 שקל"	2
עובדת זרה נתפסה בביתו של צביקה פיק	1
העלוקה בשישי	1
שרונה פיק מציגה בטן הריונית	2
"התקרבות בין פנאן לפדרמן, סיום המשבר קרוב"	0
"לזכרה: הפרויקטים ע""ש דניאלי זוננפלד"	2
"פדרמן: ""בלאט יכול היה להוציא יותר מהשחקנים"""	2
גל נאור מציגה אינסטוש	2
אופנת הבטן: איך מתלבשות הריוניות בקיץ?	2
איך קוראים לבת של שרונה פיק?	2
מזל טוב: שרונה פיק התחתנה	0
בועות: אביב גפן ויעל אבקסיס תורמים אקססוריז	0
אנשי השנה של הבורסה	2
"העלוקה בשישי: יוליה פלוטקין והבעל מקבלים את הסופ""ש"	2
הרולס רויס של אל על והזכייה של הפועלים	0
העלוקה בשישי: ניקול ראידמן ושרה נתניהו לא תמיד היו חברות טובות	2
אדם אחד לא יוכל להחליף את מוני פנאן	2
שיר לשירה בסימפונית	2
המדריך	2
נתפסו: שרונה פיק והבעל משיקים	2
"בלאט: ""מודה לפדרמן, רקנאטי, מזרחי ואלוהים"""	2
את מי מעצבן נעם פדרמן?	2
ההשקעה של קנדי קראש. רכילות עסקית	2
הפיק של טרנטינו	2
"ארבעת שחקני מכבי ת""א שוחררו לנבחרת"	0
חומת ההפרדה הגיעה לחוף הים של תל-אביב	1
העלוקה: החגיגה של אגם	0
"פדרמן על מינוי בלאט: ""תוך 48 שעות זה ייסגר"""	2
"טעיתי, הגזמתי בהערכת היכולת של ויטוריה"	1
צ'ק אין: פעם בית עמידר היום מלון חדש	2
"דייויד פדרמן: ""הקהל של מכבי? לא נורמלים"""	1
"השגריר פרידמן מגן על טראמפ בכנס לזכר הטבח: ""האשמה - רק על הרוצח"""	1
"פניני: ""הרגשה קשה, הגענו לבאר ולא שתינו"""	1
"ביום שני: מכבי ת""א בראשל""צ, הפועל ת""א מול חולון"	2
אולמרט על איום המתנחלים: נמאס מהאלימות הזו	1
"מכבי ת""א זקוקה לריענון. בלי רענן"	2
אופטימיות בערבון מוגבל	2
יצחק תשובה נפרד משמעון פרס: היית כחולם	2
כך נראה אדם שראה את כל הסדרות הקיימות בעולם	2
מותר ליטול ידיים בחדר שיש בו אסלה?	2
עידן עופר: מהו סוד ההצלחה? להיוולד טוב	2
האם אוהבים יכולים להפוך לידידים?	2
"למה אסור לאכול חלב עם בשר, אבל ביצה ועוף מותר?"	2
"כרמית אלרואי, בתו של תשובה - יו""ר דלק ישראל"	2
האם גם ההורים חייבים לכבד את הילדים?	2
פלפלים ירוקים בחלום - מה זה אומר?	2
"חיילי המילואים חוזרים להתאמן, בינתיים ללא אש חיה"	2
האמת שנורא כיף לי פה	0
אלון חרזי: האוסטרים יילחמו כמו חיה פצועה	2
עקרות הלכתית? אין חיה כזו	2
"""אמא ריקה, היא הולכת לחפש משמעות"""	2
"האם באירוע משפחתי ניתן לשבת ב""מעורב""?"	2
האם בשר יען הוא כשר?	2
הרב שרלו: לידה בלי חתונה? בנסיבות מסוימות	2
"ג'וליה, אמו של יצחק תשובה, נפטרה"	1
"""בזמן שאני מתפללת  אני בריאה"""	0
יש פמיניזם אורתודוכסי	2
"אני חיה עם בת זוג, האם אנו מחוייבות בהלכות נידה?"	2
פוסון הסינית רוכשת את הפניקס מתשובה	0
בת 3 תוכתר לאלה חיה ותצא מהבית 13 פעמים בשנה	0
חיה דו-גלגלית	2
"הלכות ראש השנה: מהשופר ועד ""תשליך"""	2
"לטוב ולרע: בית""ר ירושלים חיה על הקהל"	2
חזרתי בתשובה; האם להיפרד מבעלי הגוי?	2
האם מותר ללבוש בגדים מעור של חיות טמאות?	2
האם כדאי לשנות את השם עקב צרות?	2
הטכניון מציג: עשרות מיליארדים על דשא אחד	0
ביטול גט? אין חיה כזו	2
מותו של המטייל הוליד הנצחה בשביל ישראל	2
מי החיה הכי מהירה?	2
מוצרים מחלב נאקות כשרים על פי ההלכה?	2
שלמה ארצי בהופעה חיה - אצלכם בבית	2
חצי חיה חצי צמח: החילזון שעושה פוטוסינתזה	2
"""עד שהרגשתי שאני חיה/מתה ופשוט הלכתי"""	2
תרגיל צבאי: תפילה תחת אש	2
ברחתי מהשכונה החרדית שלי	1
לא בגלל הציונות: אז למה אני חיה כאן?	2
"החוזרות בתשובה גמרו להתחנן: ""עייפנו מהחברה החרדית"""	2
הודו נגד ההומוסקסואלים	2
הימים שלנו: היהודים חוזרים לאלבום הבכורה	2
חידה חיה: למי שייך האף?	2
מחר: ד' קוריאה בתרגיל הגדול אי פעם באש חיה	2
המוצר המוזר: בובת חיה בלי ראש מכשכשת בזנב	2
הסבתא בשנת אבל; לדחות את החתונה שלנו?	2
"""זוכרים את סבל התרנגול, ועושים כפרות"""	2
"אם הקב""ה יודע מה אעשה, איפה זכות הבחירה?"	2
מתי עובר הופך לאדם?	2
חידה חיה: מזהים מי מסתכל אליכם?	2
מותר לי להינשא לגרוש שלי בשנית?	2
איפה היה הכלב בטבע?	2
ימי תשובה	2
הצצה ראשונה להיסטוריה חיה: ארכיון הרב שטיינזלץ	2
"חיים סבן: מלהקת ""האריות"" לבעלות על בזק"	2
"חיים סבן רוכש מעונות סטודנטים בארה""ב"	0
"חיים סבן: מלבד בזק, אני בוחן 3-4 עסקאות בישראל"	0
חיים סבן בוחן התמודדות על רכישת השליטה בבזק	0
בוטלה עיסקת הענק של חיים סבן וקבוצת קירש	0
עסקת פרטנר אושרה: חיים סבן יהיה בעל השליטה החדש	0
"חיים סבן ניהל מו""מ לרכישת 50% מאל-ג'זירה"	0
100 הישראלים המובילים באמריקה	0
מזוז: לא תפתח חקירה פלילית נגד דליה איציק	2
"189 מיליון שקל לצה""ל בערב אחד"	0
וולט-דיסני רכשה את Fox-Family מאת סבן וניוז	0
הסברו רוכשת מחיים סבן את הפאוור ריינג'רס ומותגים נוספים בחצי מיליארד דולר	0
חיים סבן רומז: בבזק יש יותר מדי עובדים	2
חיים סבן מתמודד על חטיבת המוזיקה של טיים-וורנר	2
השגריר של חיים סבן	2
חיים סבן במגעים לרכישת פרטנר מבן דב	2
"חיים סבן גייס 34.5 מיליון דולר בתרומות לצה""ל"	0
חיים סבן עומד להגיש הצעה לרכישת קירש-מדיה	0
לאחר 13 שנים: חיים סבן פורש מתפקידו ב-FIDF	1
"בעל השליטה בפרטנר חיים סבן: ""נמשיך לפעול בישראל, איומים לא ירתיעו אותי"""	0
"ינון קרייז,  יו""ר ונשיא פוקס קידס אירופה, פורש מתפקידו"	1
"חיים סבן: תומך בהילרי, סנדרס הוא לא אובמה"	0
"סבן: גרמניה אאוט, בריטניה אין"	2
"הוליווד התנדבה: חיים סבן גייס 38 מיליון דולר לצה""ל"	0
מכרז ערוץ 2: חיים סבן ייצג את קשת	0
"""חיים סבן"" התכוון לפתוח מסעדה בתל-אביב"	0
דיווח: חיים סבן במגעים לרכישת אל ג'זירה	0
חיים סבן רוצה לקנות עיתון אמריקני	0
חיים סבן רכש אחזקות בטלית תקשורת	0
חיים סבן צריך לרדת לאחזקה של 5% בקשת	0
חיים סבן במשא ומתן לרכישת חלק מקשת	0
חיים סבן רכש את קירש-מדיה	0
חיים סבן תורם 1.5 מיליון שקל לתיאטרון באר שבע	0
חיים סבן מתעניין בערוץ 10	0
סבן: במקום 14 ברשימת עשירי לוס אנג'לס	0
"ארה""ב: יועצי חיים סבן העלימו מס בלא ידיעתו"	1
חיים סבן הגיע לישראל לקידום עסקת רכישת בזק	0
חיים סבן מגלה עניין בחברת מדיה בריטית	0
חיים סבן תורם 30 מיליון שקל לקהילה הדרוזית	0
עיכובים במכירת פרוזיבן של חיים סבן לשפרינגר	0
חיים סבן צורף לדירקטוריון של דיירקט-טי.ווי	0
"חיים סבן משלב חרדים בצה""ל"	0
"סבן התרים 60 מיליון דולר לצה""ל"	0
הישראלי הראשון: חיים סבן קיבל כוכב בשדרות הוליווד	0
חיים סבן מקים אולפן סרטי אנימציה	0
חיים סבן: אדאג ליתר איזון בשידורים על ישראל בגרמניה	0
חיים סבן הגיש הצעת רכש לנכסי קונצרן קירש	0
"חיים סבן קונה את תחנת הטלוויזיה הגרמנית ""פרו-זיבן"""	0
חיים סבן עשוי להתמודד במכרז הפעלת ערוץ 2	0
קירש-מדיה: סבן - בשלב הסופי במכרז למכירת החברה	0
"""פייננשל-טיימס"": סבן מחוץ למרוץ לרכישת קירש-מדיה"	2
חיים סבן מתכוון להתמודד על רכישת בנק לאומי	0
אושרה מכירת יוניויז'ן לסבן	0
קנצלר גרמניה הזמין את חיים סבן לפגישת היכרות	0
חיים סבן עושה נוסטלגיה	0
חיים סבן מחפש השקעה חדשה בישראל	0
"חיים סבן במו""מ לרכישת ""החבובות"" ב-100 מיליון ד'"	0
"בעלי פרטנר חיים סבן מאיים לתבוע: ""אורנג' לא יכתיבו את מי לשרת"""	1
קירש-מדיה: שפרינגר עשויה להצטרף לקבוצה של סבן	0
"חילופי ההנהלה נתקעו, ואיתם מכבי ת""א"	1
הנחת הסלב של מיקי ברקוביץ'	2
השותפות בגלידריה של משה פרץ מתפרקת	1
סקאל של טדי שגיא	2
"טדי שגיא במו""מ לרכישת רדינג"	0
יוזם ושר: בנו של השר שמשלב בין הפסנתר להייטק	2
עסקת ענק לקבוצת טדי שגיא במרכז לונדון	0
טדי שגיא רכש את קמדן מרקט בלונדון	0
מרגלית מחדש את מנהטן	0
הדוגמנית החדשה של טדי	2
טדי שגיא עשוי להנפיק את פלייטק לפי 900 מיליון דולר	0
טדי שגיא: קורא נכון את השוק ומוכר בזמן הנכון	0
פאלו אלטו נטוורקס רוכשת שתי חברות סייבר ישראליות ביותר מ-500 מיליון דולר	0
"חברת משחקים ישראלית במו""מ לאקזיט ענק"	0
הושלמה העברת סקאל דיוטי פרי לקבוצת טדי שגיא תמורת 40 מיליון שקל	0
"""אנחנו נהיה ה-Airbnb של חללי העבודה המשותפים"""	0
המנצחים והמפסידים של השבוע	2
"העלוקה: אייל גולן בהסבת קריירה לקאובוי בערב הפתיחה של ""רודיאו בר"""	2
שנה טובה לאלפיון העליון: 22 ישראלים בדירוג המיליארדרים השנתי של פורבס	0
"למכירה: פנטהאוז בת""א ב-170 מיליון שקל"	2
אקזיט ענק: חברת SafeCharge של טדי שגיא נמכרת ב-890 מיליון דולר	0
טדי שגיא מוחק את המותג סקאל מחנויות הדיוטי פרי	1
"""הכרנו צעירים, אבל לא כל כך. יש זוגות  שמתחילים  בגיל 13"""	2
בועות: בתו של טדי שגיא חגגה בת-מצווה במיקונוס	0
עסקת השכירות של השנה: 400 מיליון שקל	0
"מתרחב לגרמניה: טדי שגיא רכש חברת נדל""ן במיליארד ש'"	0
בית גבור ספורט: המגדל הלוהט	0
גיזה: הקזינו של טדי שגיא שווה ב-19 מיליון ד'	0
"דיווח: 888 תירכש לפי 1.1 מיליארד ליש""ט"	0
"המיליארדר הישראלי טדי שגיא רכש את מתחם ""קמדן מרקט"" בלונדון"	0
"מה עשו שגריר האיחוד האירופי, קונסול ליטאי ומיליארדר בינ״ל במרינה הרצליה"	2
17 ישראלים ברשימת המיליארדרים העולמית	2
ניקול ראידמן רכשה קומת משרדים לחברת הפרסום שלה	0
יעל נזרי וטדי שגיא חובקים בת	0
בועות: כמה עלתה מסיבת יום ההולדת של טדי שגיא	2
רותי ברודו עולה קומה: חוברת לטדי שגיא	2
טדי שגיא רוכש את השליטה בבראק קפיטל תמורת 1.1 מיליארד שקל	0
פלייטק תגייס בלונדון 300 מיליון דולר	0
שגיא חותם על הדיוטי	2
אחרי קריסה של 70%: Plus500 נמכרת	0
סוף עידן: טדי שגיא מכר את כל מניותיו בפלייטק	0
לונדון מחכה לזאפה	2
"טדי שגיא במו""מ על כניסה לשותפות עם סקאל"	2
"מסתמן: טדי שגיא יחפש גז ונפט ב""בנימין"""	2
טדי שגיא ויעל נזרי זוגיים	2
שגיא ובן דב כבר לא: התפוצצה עסקת סקיילקס	1
"הוליווד התנדבה: חיים סבן גייס 38 מיליון דולר לצה""ל"	0
טדי שגיא מציג: 3 מיליון דולר לטובת חיילים משוחררים	0
אחרי 40 שנה: סקאל תיפרד מהדיוטי–פרי	2
נעם לניר מכר את עסקי ההימורים של אמפייר אונליין	2
"רונית אטד מונתה למנכ""לית החדשה של מיקרוסופט ישראל"	0
"ארמאני במשרד: הצצה למגדלי הארבעה בת""א"	2
העלוקה: החגיגה של בר	0
אילן בן דב מוכר לטדי שגיא פעילות סלולר	2
טדי שגיא הוא רוכש הדירה של ברק באקירוב	2
טדי שגיא רוצה לקנות את ענקית הלוטו האירופית	2
איש העסקים טדי שגיא רכש 50% מסמסונג ישראל שבבעלות אילן בן דב	0
רשת מותגי האופנה אמפוריום נמכרת ב-5 מיליון שקל	0
הכירו את מיליארדר הפוקר היהודי מקנדה	2
דוד עזריאלי הלך לעולמו בגיל 92	1
עזריאלי יפצה בעלי מגרש ויבנה מגדל בהרצליה	2
יום תשיעי ברציפות: הבורסה ננעלה בירידות	1
אזור תעשייה משותף למעלות וכפר ורדים	2
סטף ואיתן ורטהיימר: כסף זה לא העיקר	2
נקודת מגע: מוזיאון ישראל המחודש חוגג שנה	0
"""על כספו סובב העולם"": מנכ""ל תיאטרון הקאמרי מסכם 25 שנה"	2
מה ומי במיאמי	2
"השימור מתחיל: מוזיאון בבסיס מג""ב במצודת כח"	2
פריחה שנתאחרה: ביקור בכפר ורדים	2
תומר אגאי מגיש: מנת השף	2
העלוקה בשישי	2
פקטורי 54: עוד חנות בהשקעה של 13 מיליון דולר	0
סיכום האירוח עם פרופ' אבישי ברוורמן	2
השביתה: אפילו איתן ורטהיימר מצדיק את עיני	1
"אגדת הפלמ""ח גידי אילת הלך לעולמו"	1
מנת השף	2
"סטף ורטהיימר והתמ""ת פותחים בי""ס לתעשייה"	2
העלוקה: לגל אמיתי נמאס להיות רווק	2
העלוקה בשישי	2
העלוקה בשישי: למה אדל בספלוב ודנה זרמון ברוגז?	2
מדינת ישראל חוגגת 58 שנים	0
הטבות ומבצעים לתושבי הדרום: עדכון שוטף	0
מי ינהל את בית ליברמן ההיסטורי בנהריה?	2
האיש והחלום	2
מסתמן: נהריה לא תשחק בליגת העל	2
בועות: נמרוד משיח עובר לפיתוח אפליקציות	2
פרויקט מסלול	2
12 שנות לימוד חובה? מתברר שאפשר גם אחרת	2
עוגיות לחמי: לא מה שחשבתם	2
שנה טובה בצפון: תפוסה גבוהה בצימרים לחגים	0
אנחנו על המפה	2
"מה משותף לחילוני, חב""דניק וחסיד גור?"	2
"אחי הבכור מיכאל ז""ל, יש לי חלום"	2
הקרב על ירושלים: ברקוביץ' מאיים לתבוע את אלקין	1
בועות: יובל בר בן־לולו חוזרת לבית הספר	2
"סוף דרכה של ""אחד"", רשת המזון ללא מותגים"	2
"חברת משחקים ישראלית במו""מ לאקזיט ענק"	2
רשת שיווק חדשה: בלי מוצרי החברות הגדולות	2
הסופרמרקט ללא מותגים ברעננה ייסגר	2
זינגר בטעם גלידה	2
בתו של תשובה השיקה ספר על שיחזור הפלאזה	0
תשובה מתרחב: דלק תשקיע מיליארד דולר במאגר נפט במקסיקו	0
"יצחק תשובה: ""אנו שוקלים לייצא גז טבעי לחו""ל"""	0
סכסוך משפטי בין השותפים יצחק תשובה וקרן האצ'יסון	1
"תשובה במו""מ למכירת דלק נדל""ן; עלתה בכ-63%"	0
תשובה יידרש למכור החזקות במתקן התפלה - כדי לקנות מתקן אחר	2
64 שנים אחרי: משפחת תשובה סוגרת מעגל	2
"יצחק תשובה רכש נדל""ן בפלורידה ב-135 מיליון ד'"	0
"חקירת דלק - בעקבות פניית תשובה לרשות ני""ע"	2
יצחק תשובה נפרד משמעון פרס: היית כחולם	2
"בעלי אג""ח נגד הסדר עם תשובה: מתכננים תביעה"	1
"יצחק תשובה: ""אפרוש בקרוב מעולם העסקים"""	2
יצחק תשובה: ב-2013 יגיע הגז למדינת ישראל	2
"יצחק תשובה: אזרים עוד כסף לדלק נדל""ן"	2
"תשובה: ""ייצוא הגז יחזק את מעמד ישראל בעולם"""	2
"תשובה בונה בדרום ת""א: 1.28 מיליון ל-3 חד'"	2
יצחק תשובה חוגג: יום הולדת 100 לפלאזה ניו יורק	2
יצחק תשובה נכנס לעסקי הסלולר	2
נחתם: דלק מוכרת את אחזקותיה בהפניקס תמורת 1.6 מיליארד שקל	0
עסקת ענק לתשובה: דלק תרכוש את פעילות שברון בכ-1.65 מיליארד דולר	0
"""זו קרחת"": בעלי אג""ח של תשובה דוחים ההסדר"	1
"""מגע הזהב"" של תשובה: מזל או שכל?"	2
"תשובה: ""אשמח לעזור ללבנון לחפש גז"""	2
יש גם מרוויח מפיצוץ צינור הגז: יצחק תשובה	0
יצחק תשובה: הכל בידי שמים	2
"יצחק תשובה: ""יש באזור עוד גז ונפט שעדיין לא התגלו"""	0
המיזם החדש של תשובה: פרויקט תעשייתי ב-4 מיליארד דולר בנגב	0
ברלין נגד תשובה: יהפוך מבנה עתיק למרכז קניות	1
"תשובה נגד עיריית ת""א: דורש לקבל היתר בנייה למגדל בגבעת עמל"	1
"יצחק תשובה מציג: טריקים בניהול מו""מ מוצלח"	0
החתן של תשובה ירוויח 5.7 מיליון ש' ב-9 חודשים	0
"תשובה מביא את אלעד אירופה לבורסה בת""א"	2
"לאחר דו""ח ששינסקי: שטייניץ נפגש עם תשובה"	2
יצחק תשובה יוכל לשעבד את חלקו במאגר לווייתן	2
מה קונה יצחק תשובה בחצי מיליארד דולר?	2
הפסד עצום לחברה הפרטית של יצחק תשובה	1
האימפריה של יצחק תשובה	2
אוהדי מכבי נתניה מנסים להשיב את יצחק תשובה לקבוצה	2
ניו יורק: הכומר ג'סי ג'קסון נגד יצחק תשובה	1
למען טייקוני הגז נתניהו התקפל בפני ארדואן	1
רשות ההגבלים שמה ברקס ליצחק תשובה	1
"תשובה: דו""ח ששינסקי עלול לקבור את קידוחי הגז"	1
יצחק תשובה הזרים לקומיוטק 15  מיליון שקל	0
יצחק תשובה יעניק חסות לוועד האולימפי	0
"פרס ליצחק תשובה: ""עשית מעשה אדיר"""	0
"אלשיך הכריעה: מינוי מפרק זמני לדלק נדל""ן"	2
בועות: תגידו מזל טוב ליצחק תשובה שחגג 70	0
יצחק תשובה ימכור גז לתחנת כוח באשקלון	2
סוגרים חשבון: גם יצחק תשובה מבקש תספורת	2
עסקת ענק ליצחק תשובה ויגאל אהובי באנגליה	0
כתב אישום בגין הרצת מניות באינטרנט	1
"ג'וליה, אמו של יצחק תשובה, נפטרה"	1
"יצחק תשובה במו""מ למכירת הילטון מלכת שבא"	2
גם במכרז הגז החדש יתמודד רק תשובה	2
דלק של יצחק תשובה רוצה להתרחב בקנדה	2
יצחק תשובה מכר 7% מאחזקותיו במנורה	2
"יצחק תשובה, אתה ואשתי לא כל כך שונים"	2
"יצחק תשובה גייס חצי מיליארד דולר בחו""ל"	0
קבוצת דלק תרכוש לתשובה מטוס ב- 23 מיליון דולר	0
משה ארנס עשוי להצטרף לדירקטוריון קרן תעוזה	2
"לאומית: רק 1:1 להפועל פ""ת, שישייה לר""ג"	2
"ליגת העל: 0:3 לק""ש על הפועל ר""ג"	2
"עסקת גמול: יונה יחלץ מהחוב על תחנות הדלק בארה""ב"	2
"למרות התגברות המטחים בדרום: הבורסה בת""א ננעלה בעליות קלות"	0
"מה עשה מנכ""ל גמול בהנהלת לאומי ביום רביעי בערב"	2
"הפועל ר""ג: ""כל משחק הוא מלחמת עולם"""	2
דלק: לגמול אין מה לכעוס; גבאי התקשר לברך	2
מצפון עד דרום: אירועי יום העצמאות	2
טפרי ומיננקו אתלטי השנה של האיגוד	2
"המסע הקשה של ב""ש בדרך לצ'מפיונס"	2
השר שאתם לא מכירים: מי אתה אבי גבאי?	2
ארון קודש עתיק הובא מרומניה לצפת	2
שבוע הזמר העברי	2
גמול וקב' לאודר ישקיעו בתשתיות מים בישראל	0
"בעקבות השתלטות טראמפ: יקיר גבאי מונה ליו""ר גמול"	0
בועות: משה כחלון ואלי כהן נפגשים לכדורגל	2
חשד: המורה שילם - הבוחן העביר טסט ותיאוריה	1
ליטל איטלי	2
מצעד האסיאתיות של תל אביב	2
פרסי התיאטרון: אגם רודברג הבטחת השנה?	2
למראית הדה ז'ה וו	2
"יקיר גבאי, מנכ""ל גמול, פורש לעסקים בחו""ל"	1
"ברגע האחרון: 0:1 לבית""ר י-ם על הפועל עכו. צפו"	2
"מהומה בכנס ""ילדים תחת כיבוש"": ח""כים התעמתו - וסולקו"	1
"עזיבת קריאף - המהלך שהתסיס את אוהדי בית""ר"	1
בועות: יצחק קלפטר מתאושש	0
המדריך	2
20 חודשי מאסר לנהג שיכור שהרג קרוב בתאונה	1
20 ארוחות עסקיות חדשות	2
"השאלה היומית: האם נאום ""ארכיון הגרעין האיראני"" של נתניהו השיג את מטרתו?"	2
ברים עם אוכל טעים	0
בועות: פרופר לא עוזב את אוסם	2
"יקיר גבאי נאלץ לקצץ את ""מצנח הזהב"" מגמול"	2
גמול סהר חתמים זכתה במכירת 3.5% ממניות בזק	0
"מרצ בי-ם: חוזרים לקואליציה, לא יהרסו בסילוואן"	2
המרוויחים הגדולים בחברות הבורסאיות	0
"תביעת הגג הדולף: יזם תמ""א 38 יפצה דיירים"	1
נתניה נשארה בליגה	2
55 שנה לשיחרור לוד	2
בטעם של בית: המסעדות האותנטיות החדשות	2
"אפרים גבאי: ""בעד עונש מוות למחבלים, מתנדב לבצע את ההריגה"""	1
"""המלונות המסורתיים באילת הם כמו קרחונים שיימסו"""	2
"""פולישוק"": פוליטיקה מצחיקה מבלי לטמטם"	2
"דוד רביבו: ""המשחק מול ר""ג קריטי עבורנו"""	2
שלום ללאומית: מכבי נתניה חזרה לליגת העל	2
העלוקה: פעמיים כי טוב: נטלי עטיה מתחתנת בשנית	0
בועות: מי נצפו על הטיסה לגמר ליגת האלופות?	2
שנה טובה לאלפיון העליון: 22 ישראלים בדירוג המיליארדרים השנתי של פורבס	2
"אימון: 1:1 בין מכבי ת""א למכבי פ""ת"	2
רסידו: השלמת גיוס הון של 30 מ' שקל	2
מזל טוב: שרונה פיק התחתנה	0
בועות	2
"31 קבוצות במשק שולטות ב-2,500 חברות"	2
"אורי פפר: ""הטלוויזיה שלנו במצב קשה"""	1
המדריך	2
"אייל עופר בראש: אלה 21 הישראלים העשירים ביותר בעולם עפ""י פורבס"	2
בועות: הדשא של השכן	2
מתיו ברונפמן מאוהב בתרבות ישראלית	0
ההשקעה של קנדי קראש. רכילות עסקית	2
"פיאניג'אני חוטף, הלפרין: ""הלחץ לזכות פוגע"""	2
הפריימריז: חריגות - וקומבינה בתעשייה האווירית	2
"מפגינים נגד הזיהום בחיפה: ""משחקים בחיינו"""	2
700 אלף שקל למחקר וטיפול בסוכרת נעורים	2
בועות: ריטה ואדיר מילר מתגייסים	0
שמחה כפולה: שרונה פיק בהריון שני	0
"ליאורה עופר מכרה פנטהאוז בת""א ב-47 מיליון ש'"	2
קמפיין למתחתנים הערביים בגמר היורו. רכילות עסקית	2
מדברת עם נשמות	2
ליאורה עופר פורצת דרך	0
בועות: אביב גפן ויעל אבקסיס תורמים אקססוריז	0
שרונה פיק ילדה  בת בכורה	0
אנשי השנה של הבורסה	2
תשאירו את המחאה במגרש	2
סבן-אייפקס זכו במכרז בזק; המחיר - 972 מיליון דולר	2
נכשלה ההשתלטות של מיילן על פריגו	1
ארקין יוצא לגייס כסף מהמוסדיים	0
אקסלנז מתקדמת בניסוי: סיימה שלב 2 בתפקוד כבד	1
"הדירקטורים בבזק: סבן, ארקין, חנוך ברקת ואלון שלו"	2
שלמה נחמה מצטרף לשליטה בחברת בזק	2
"אגיס: ה-FDA מתחיל בדיקת המפעל בארה""ב"	2
המנצחים והמפסידים של השבוע	2
"פרדי דוד: מתבייש, בני בן ה-9 חזר הביתה מזועזע"	1
HOT בקמפיין חדש לשיפור השירות	0
נסיך ליכטנשטיין תומך במדעטק	0
"יעקב גלברד יהיה המנכ""ל הבא של בזק"	0
המנצחים והמפסידים של השבוע	2
מיטב מחזיקה מניות אגיס ב-90 מיליון שקל	0
"שרצקי לשחקנים: ""אנחנו יותר טובים מהפועל ר""ג"""	0
אגיס: גידול של 280% ברווח ברבעון הראשון	0
אייפקס במגעים לרכישת כלל ביטוח של דנקנר	0
"סנו במו""מ לרכישת קרליין ונקה בכ-100 מיליון ד'"	0
הסוס הטרויאני: רוכשי בזק אינם חסיני תביעות	1
אחותו של מורי ארקין: אני לא מרגישה שהפסדתי	2
"אגיס במגעים למיזוג עם חברת תרופות גנריות בינ""ל"	0
"שלמה רודב יהיה יו""ר בזק"	2
"למרות התגברות המטחים בדרום: הבורסה בת""א ננעלה בעליות קלות"	0
"מתמודדים במכרז בזק: נעתור לבג""ץ נגד שטרום"	1
"תיק סגור, פתוח"	2
"מורי ארקין יכהן כיו""ר בזק 6 חודשים בלבד"	2
אקסלנז ביו-סיינס במגעים להסכם עם פייזר	0
בעלי שליטה מימשו מתחילת השנה ב-950 מיליון שקל	0
עליות קלות בנעילה בוול סטריט; מחלוקת בפד על מועד העלאת הריבית	2
התפוצצה עסקת בזק: שלמה נחמה נותר בחוץ	1
"בזק החדשה יוצאת לדרך: אושר מינוי היו""ר והמנכ""ל"	0
סיום בורסה: ירידות שערים	1
"""הזוכה בבזק לא יקבל יחס מועדף ברגולציה"""	1
"עלות שכרו של ויסגלס כיו""ר בזק: 3 מיליון ש' בשנה"	0
"קב' סבן-אייפקס הציעה לטורבוביץ' תפקיד יו""ר בזק"	2
"שלמה נחמה במו""מ לרכישת 20% מחברת בזק"	0
עסקת הענק של אגיס: תתמזג עם פריגו האמריקנית	0
"המפסידים הגדולים מתחילת השנה: מקוב, ארקין ומירון"	1
עליות בבורסה בסיום המסחר בבורסת תל אביב	0
"בלעדי: דב ויסגלס יהיה יו""ר בזק"	2
"מנכ""ל אגיס: ""זה לא אנושי לא להיות מאוכזב"""	2
"אבי פתיר, המשנה למנכ""ל בזק, פורש"	1
שכרו של ארקין בפריגו: 700 אלף דולר בשנה	2
גם העובדים בישקר מרוויחים: יקבלו בונוס של 5 משכורות	2
ארקין שלשל לכיסו 800 מיליון שקל במזומן	1
17 ישראלים ברשימת המיליארדרים העולמית	0
המכרז להפרטת בזק לא יסתיים לפני חג הפסח	2
"רוכשי בזק מייעדים את מורי ארקין לתפקיד היו""ר"	2
"אייל עופר בראש: אלה 21 הישראלים העשירים ביותר בעולם עפ""י פורבס"	2
ארקין וכלל מכרו מניות אגיס ואורמת ב-250 מ' שקל	0
החברות המצליחות והמאכזבות של 2003	2
אפשר גם אחרת / טור	2
גם מורי ארקין מתמודד על השליטה בבזק	2
"בעלי הפועל ר""ג: גועל נפש, כך אי אפשר להמשיך"	1
"מנכ""ל אגיס, גיל ביאנקו,  התפטר מתפקידו"	1
"בעלים חדש להפועל ר""ג, ארקין עוזב"	1
אחרי חמש שנים וחצי: פימי יוצאת מנובולוג עם רווח של 210 מיליון שקל	0
משביח הצעירים מול המשפחה האוהדת	0
הפועל לוד זכתה באליפות הוותיקים	0
חדש ביורוליג: לדעת אם השחקן עומד להחטיא	2
עירוני אשקלון: חוזרים למציאות	2
מניות הסלולר חגגו את ההטבות של כחלון - סאני תקשורת המריאה ב-11.6%	0
לא ריאלי	2
הצביעו נח נחמן	2
"דייוויד בלות'נטל: נביא אמת, משיח שקר"	2
כספי נודד ללוס אנג'לס. הכל על מעבר סקרמנטו	2
"הנשים מתחזקות, שוק הקנאביס רותח: סיכום רכילות עסקית 2018"	0
"יו""ר אלביט מערכות זכה בפרס התעשייה"	0
"שי רקנאטי: ""זו מלחמה נגד הקבוצה"""	2
בועות	2
עובדי אלישרא: מעכבים את שכרינו בגלל השביתה	1
עובדי תדיראן עוררו סערה באסיפת בעלי המניות	1
הרולס רויס של אל על והזכייה של הפועלים	0
המדריך	2
"המתווה, יומן אירועים"	2
המדריך	2
"עובדי תדיראן ליו""ר אלביט מערכות: ""הפרת אמונים"""	1
הרצליה: וילה במחלוקת בחוף של מיקי פדרמן	2
מאיר שני: השנתיים וחצי האחרונות היו הקשות בחיי	1
אלביט השלימה רכישת תדיראן קשר ב-350 מיליון דולר	0
מחאת אנשי החינוך והאקדמיה - המכתב המלא	1
הנשיא קצב: הכרחי לטפל בעוני כבר עתה	2
המדריך	2
המדריך	2
המנצחים והמפסידים של השבוע	2
אחרי 8 שנים: סוף לסכסוך בין פדרמן ושטראוס	2
הכסף של ארד: האירוע הספורטיבי מספר אחת	2
ההשקעה של קנדי קראש. רכילות עסקית	0
ישראל חייבת להשקיע בחינוך מדעי וטכנולוגי	0
עלית ושטראוס מתמזגות	0
הסטארט אפ של צעירי עכו	0
שטראוס וקפלן מתחבקים	0
עלית-שטראוס לקחה לביקור בברזיל את בעלי חצי-חינם	2
ביקורת בעלית: בהולנד מתרחבים ובארץ מפטרים	2
"גם בעסקים: הקשרים בין ישראל וארה""ב פורחים"	2
בשם האב: איך ממשיכים את העסק המשפחתי?	2
"רעיה שטראוס: ""הסיפור של רב־בריח קטן עליי"""	2
בשטראוס מכינים את הדור הבא	2
"עשרה בכירים במשק: ""פיטורים - רק כמוצא אחרון"""	1
"עדי שטראוס עובר לעיסקי הנדל""ן באי היווני לסבוס"	2
"רעיה שטראוס: היה קשה, אבל התגברתי על שטראוס"	2
הושלמה העסקה: מש' שטראוס נפרדת מהגלידות	1
המאמן	2
משפחת שטראוס לא תמכור מניותיה בקרוב	2
D&B: מיכאל שטראוס הוא המנהל המצטיין לאורך זמן	1
רעיה שטראוס בוחנת השקעה ברב-בריח	2
"מנכ""ל עלית אינטרנשיונל אמנון דיק פורש מתפקידו"	1
המנצחים והמפסידים של השבוע	2
שטראוס יישאר שותף בערוץ של רשת ועשר	2
רעיה שטראוס פורשת מדירקטוריון עלית	1
"בלעדי ל""כלכליסט"": עלית נפרדת ממכבי ת""א"	1
ההסדר החדש: שטראוס תשלם לשופרסל עמלה נוספת	1
13 תעשייניות ב-70 שנה: הנשים הבודדות בעולם של גברים	2
אנו מכריזים בזאת	2
סופית: שטראוס יפרוש מתפקידיו בעלית-שטראוס	1
גם שטרית ביקש שלא לדון בערער שטראוס	2
אחרי 8 שנים: סוף לסכסוך בין פדרמן ושטראוס	2
איתן אלדר ורועי גיל רוכשים את השליטה במאקפל	0
בקיעים ראשונים באחדות משפחת שטראוס	0
שטראוס חנכה באחיהוד מפעל בהשקעה של 70 מ' ד'	0
הסיפורים מאחורי העסקים המשפחתיים של בעלי ההון	2
כולם היו בניו	2
"הכשרת הישוב לא הצליחה להשתלט על שרפ""ק"	1
"""המחלבה וחטיבת הסלטים שוות 400 מיליון ד' לפחות"""	0
"מיכאל שטראוס יחגוג, גבי רוטר ירצה"	0
אני ואתא נשנה את העולם	2
עסקת המיליארד  של שטראוס	0
מיכאל שטראוס: בעוד 5 שנים נהיה כפולים בגודל	0
"שרי אריסון, תפסו לך את החנייה במרינה"	1
לבנון פינת ונציה	2
הערכות: הנזק לקוקה קולה יהיה 10-5 מיליון שקל	1
"עפרה שטראוס-להט מונתה ליו""ר דירקטוריון עלית"	0
איציק פסלה את עצמה מדיון בענייני חברת שטראוס	1
לקראת המיזוג: שטראוס הוערכה ב-1.5-1.99 מיליארד שקל	0
מיכאל ורעיה שטראוס העבירו לילדיהם 49% ממניותיהם	0
בועות: מיכאל שטראוס קיבל פרס על מפעל חיים	0
עירית שטראוס הגדילה אחזקותיה ב-IPG- רבן-ושות'	0
"""באתי לדירקטוריון וראיתי שכל הנוכחים רוצים שאלך"""	2
"ב""שטראוס"" זועמים על שלי יחימוביץ'"	1
עלית חנכה מרכז לוגיסטי בעכו ב-7 מיליון דולר	0
עופרה שטראוס: אני בתפקיד ל-20 השנים הבאות	2
מוזי ורטהיים: עכשיו אנחנו האנדרדוג	2
"""לא רוצה לשים שלט עם השם שלי על שום דבר"""	2
"קוקה-קולה ועלית-שטראוס יטיסו בעלי רשתות לחו""ל"	2
המנצחים והמפסידים של השבוע	2
המיליארדר איתן ורטהיימר מכר את היאכטה שלו	1
ורטהיימר מרחיב את השקעות ישקר במזרח הרחוק	0
בועות: הקמפיין המשותף של בנות משפחת ורטהיימר	2
בתפן ובעומר מקווים: עסקת ישקר תקדם אותנו	0
"באפט - האיש העשיר בעולם, גייטס ירד למקום השלישי"	0
וורן באפט קנה 80% מישקר ב-4 מיליארד דולר	0
כמה שוות הבנות של סטף ורטהיימר?	2
עוגיות לחמי: לא מה שחשבתם	2
משפ' ורטהיימר תשלם 1.8 מיליארד שקל מס	1
לבייב הדיח את ורטהיימר מראש רשימת עשירי ישראל	1
"ורטהיימר: המשק צריך לעשות מה שעשה צה""ל"	2
ורטהיימר ישלם מיליארד דולר מס הכנסה	1
סטף ואיתן ורטהיימר: כסף זה לא העיקר	2
ורטהיימר קנה את מטוס המנהלים היקר בעולם	2
כתר נמכרת ב־5.25  מיליארד  שקל	1
איתן ורטהיימר: נשלם מס לפי הספר	2
פס וגילברט מקרבים נפש בנפש	2
אנחנו על המפה	2
הממונה על ההגבלים אישרה את עסקת ישקר-באפט	0
אקזיט: משפחת ורטהיימר מוכרת את להבים	1
דב תדמור מערער על הרשעתו	1
וורן באפט השלים את רכישת חברת ישקר של משפחת ורטהיימר	0
"בישראל 7,200 מיליונרים ו-87 מולטי-מיליונרים"	2
"איתן ורטהיימר: סטף, בעיני, הוא נביא"	2
גידול של 20% בהכנסות קבוצת ישקר	0
נהיה לי חשק להיות אמא	2
"באפט: ""לעולם לא נעזוב את ישקר"""	2
"ורטהיימר: ""כל הממשלות השקיעו בשטחים ולא בצפון"""	2
באפט לורטהיימר: לא מפחד ולא מתחרט על העסקה	2
רשימת הנכסים של המיליארד איתן ורטהיימר	2
בנו של וורן באפט נחת בארץ במפתיע	2
אומגה בפה ועל היד	2
"בזכות מכירת ""ישקר"": עודף בתקציב במאי"	1
משפחת ורטהיימר השלימה את מכירת להבים	0
"יעל ורטהיימר לבג""ץ: לחשוף דו""חות המס של סטף"	1
ורטהיימר: צריך ועדת חקירה לחינוך	1
ישקר רכשה חברה יפנית בכמיליארד דולר	0
זעזועים בצמרת חברת ישקר	1
"1,200 עובדי טכנולוגיות להבים בצפון שובתים"	2
קבוצת ספורט ורטהיימר מבקשת הקפאת הליכים	2
הושלמה עסקת ישקר: באפט משלם 4 מיליארד דולר	0
"ישקר מגישה עתירה לבג""ץ נגד התמ""ת"	1
ההשתלטות הושלמה: באפט קונה עוד 20% מישקר	0
הקפיטליזם החברתי של באפט	2
"התביעה של סטף ורטהיימר נגד התמ""ת נגמרה בפשרה"	1
הסדר פשרה בעמותה של סטף ורטהיימר: ימונו חברים חדשים	0
גם גימלאי ישקר מקבלים מענק	0
גם העובדים בישקר מרוויחים: יקבלו בונוס של 5 משכורות	0
מושיק תאומים ידאג לתדמית של ורטהיימר	1
"""תחושת בגידה והתקוממות"": הצרות בעמותה של סטף ורטהיימר"	1
19 משפחות שולטות ביותר משליש מהמשק	2
בישראל עשו לו את המוות	1
"ארונו של מחרובסקי ז""ל הוצב בהיכל"	2
המנצחים והמפסידים של השבוע	2
זו לא היתה השנה שלהם	2
"לזכרה: הפרויקטים ע""ש דניאלי זוננפלד"	2
"איל ברקוביץ' הגיע לאימון מכבי ת""א"	2
אריה זייף: אין מעשן בארץ שלא עישן טיים	2
ליאורה עופר פורצת דרך	0
"תוכנית דן אכדיה: ""קטסטרופה תעבורתית"""	1
המדריך	2
המדריך	2
דני הצהוב	2
"גיא פניני: ""מה אתם רוצים, שאכנס לכלא?"""	2
הבורסה ננעלה בעליות; טבע עלתה ב-2.4%	0
יום הפירעון	2
"ביהמ""ש: אחיו של טיבי יפצה את נועם פדרמן"	1
המכביזם חזר / צהוב סוגר חשבון	2
המדריך	2
"מיקי ברקוביץ': ""הגמר יוזז, היורוליג לא טיפשים"""	1
ראש בראש: הסכסוכים המתוקשרים של השנה	1
הווילה של מיקי פדרמן בחוף הרצליה תפונה	1
כך קרס המועדון המפואר בישראל	1
המדריך	2
המדריך	2
עמוס ויצמן יחליף את חרמוני בתדיראן קשר	2
"בועות: בן אל בלי סטטיק בע""מ"	2
בועות	2
רמי שביט מציג ספורט ורעיה	2
שפיטה מופיעה בפני בכירי שטראוס ובנק הפועלים	2
המדריך	2
"סיכום תשס""ד בשוק ההון: הפספוסים, ההצלחות והנפילות"	2
הרצליה: וילה במחלוקת בחוף של מיקי פדרמן	2
"שמעון מזרחי קיבל פרס ישראל: ""רגע מיוחד"""	0
מזל טוב: שרונה פיק התחתנה	0
מלונות דן נשארת בבורסה; הצעת הרכש נכשלה	1
בועות: מה ג'רי סיינפלד הבטיח אחרי שסיים את ההופעות בישראל?	2
"מלונות דן בדרך למחיקה מהמסחר בבורסת ת""א"	1
שמחה כפולה: שרונה פיק בהריון שני	2
המדריך	2
"אחי הרוכב שנהרג: ""הנהג הפקיר אותו כמו כלב"""	1
משפ' שטראוס: מניות עלית ב-110 מ' ש' מינואר	0
קב' שטראוס בוחנת מחיקת מניות עלית מהבורסה	1
הושלמה העסקה: מש' שטראוס נפרדת מהגלידות	1
שטראוס נערכת למשבר: מקצצת בשכר המנהלים	1
משפחת שטראוס: לא נייצג את המחלבות	2
אלי יונס ייצג את משפחת שטראוס במיזוג עם עלית	2
משפחת שטראוס לא תמכור מניותיה בקרוב	2
מי נגד מי בעולם השיווק והפרסום	2
בשטראוס מכינים את הדור הבא	2
דה נירו יקים בית מלון ומסעדה בהרצליה	0
הג'קוזי של עפרה שטראוס נהרס בהסכמה	2
"מי הונצח על בניין בורסת הנאסד""ק?"	2
אריק רייכמן ודן פרופר מפרגנים למשפחת שטראוס	0
עלית ושטראוס מתמזגות	0
לוי'ס	2
העירייה נגד שטראוס: פלשה לשטח ובנתה ג'קוזי	1
הסיפורים מאחורי העסקים המשפחתיים של בעלי ההון	2
"שרם, פודים וקלנר בדרך לאיבוד השליטה בשרפ""ק?"	2
מיזוג עלית-שטראוס עלול לאכזב את השוק בטווח הקצר	1
"מנכ""ל שטראוס ישראל ימונה למנכ""ל שטראוס קפה"	0
רוברט דה-נירו סירב לעדי שטראוס	1
"שטראוס תשלם לעלית תמלוגים על שימוש ב""פסק-זמן"""	2
שטראוס רכשה כ-2% מעלית מחוץ לבורסה ב-36 מ' ש'	0
"כחלון תוקף את רעיה שטראוס: ""אטימות עם שומן על השפתיים"""	2
שרנסקי ושלום: שטראוס לא תקבל הטבת מס באחיהוד	1
הרי את ואני	2
עפרה שטראוס: שופרסל ניצלה את המצב ערב המיזוג	1
בנק הפועלים רכש כ-5% ממניות שטראוס	0
"שטראוס לתמ""ס: לבחון הטבה למחלבה באחיהוד"	2
קורה במשפחות הכי טובות	2
לקראת המיזוג: שטראוס הוערכה ב-1.5-1.99 מיליארד שקל	0
"עפרה שטראוס, יו""ר שטראוס-עלית"	2
יוניליוור במגעים לרכישת גלידות שטראוס	0
שטראוס יישאר שותף בערוץ של רשת ועשר	2
שטראוס ותנובה ירכשו חלקה של טרה במחלבות רמת-הגולן	0
פתרון המזומנים של גיל ואלדר	2
רפתנים לעפרה שטראוס: חשבנו שאנחנו משפחה	2
"מנכ""ל שטראוס, ארז ויגודמן, מתכוון לפרוש"	1
מהפכת השכר של שטראוס	2
בכירי עלית-שטראוס יפנו את המשרדים ברמת-גן	2
"נדל""ן עם בשר: שטח המפעל שווה 100 מיליון ש'"	2
שטראוס במגעים למכירת פעילות הקפה ברוסיה	1
עופרה שטראוס: אני בתפקיד ל-20 השנים הבאות	2
מיזוג שטראוס-עלית: הצרכנים לא ירגישו בהבדל	0
קונצרן יוניליוור יחזיק 90% מגלידות שטראוס	0
"שטראוס מתבססת במעו""ף: UBS רוכש מניות ממשפ' שטראוס"	0
עלית: רווח רבעוני של 2.1 מיליון שקל בלבד	0
"בלעדי ל""כלכליסט"": עלית נפרדת ממכבי ת""א"	1
קובי לוי: אני אוהב שינויים אבל קשה לי עם השינוי בשטראוס	1
הישג מתוק: שטראוס נשארת עם הגלידות	2
משפחות העושר בישראל	2
"מנכ""ל גלידות שטראוס התפטר"	1
"שטראוס: ""אנו מנותקים לגמרי מההערכה של סוארי"""	2
שטראוס חילקה דיבידנדים של 200 מיליון שקל	0
נפתח מלון עלמה: הבוטיק של משפחת שטראוס	0
"טיול בעקבות ""שרידי"" המושבה נהריה"	2
בקיעים ראשונים באחדות משפחת שטראוס	2
"פגישה ראשונה בין משפחת ביאדגה למח""ש: ""לא סומכים עליהם"""	2
"בתו של תשובה ב""פריים-טיים"": קונה 20% מקשת"	0
התאונה של משפחת אטיאס: קשר השתיקה	1
תשובה במגעים לרכישת אחזקות לאומי בקשת	0
למרות לחצי חברת החשמל: המגזר הפרטי יקים את תחנות הכוח המופעלות בגז	2
"אבי הנרצח בנתניה: ""לא אהסס לנקום, עין תחת עין"""	1
המהפך של גבעת עמל בתל אביב - מגדל בראשית יוצא לדרך	0
תשובה רוכש 10% מחברת הביטוח מנורה	0
נאסר על תשובה ועופר להתמודד על התפלה	1
"""רוצה לתת השראה לכל מי שיש לו קשיים"""	2
שינוי דרמטי במוקדי הכוח במשק בעשור האחרון	1
תשובה השלים ההשתלטות על דנקנר השקעות	2
אחרי שלוש שנים: מחיר החשמל יירד ב-9.4%	0
קבוצת דלק מפרנסת היטב את משפחת תשובה	2
19 משפחות שולטות ביותר משליש מהמשק	2
"תשובה רוכש את כהן פיתוח, וירוויח 2.9 מיליארד"	0
האימפריה של יצחק תשובה	2
העסקת קרובים: גם נפוץ וגם משתלם	2
חוק הריכוזיות: הטייקונים שייאלצו להיפרד מנכסים	1
תשובה מוכר אחזקותיו באמישראגז ב-67.5 מיליון דולר	1
"הערת עסק חי לדלק נדל""ן: הפסידה 394 מיליון"	1
משפחת תשובה מסייעת לנצרכים לסעוד בחג	0
המנצחים והמפסידים של השבוע	2
המנצחים והמפסידים של השבוע	2
"סליחה ילד, הקייטנה הזו לא בשבילך"	2
"משפחת שליט לבג""ץ: דונו בעתירה שלנו"	2
"דרורית ורטהיים תחליף את אביה כיו""ר קשת"	2
יצחק תשובה: הכל בידי שמים	2
"החזון של תשובה, הצרות של משפחת עופר"	2
האם תשובה יחזיר לדנקנרים מניות ב-2.2 מיליון דולר?	2
מכירת הפניקס: שחר וקז הרוויחו מעל 100 מיליון דולר	1
תשובה הפסיד לבזן במכרז לאספקת דלק בלווייתן	1
משה ארנס עשוי להצטרף לדירקטוריון קרן תעוזה	2
אני מתחתנת עם כהן; האם האיסורים חלים גם עלי?	2
זינוק של 294% ברווחי קבוצת דלק של תשובה	0
אהרונוביץ': פענוח הטבח - תשובה לכל המבקרים	1
64 שנים אחרי: משפחת תשובה סוגרת מעגל	2
בתו של תשובה השיקה ספר על שיחזור הפלאזה	0
תשובה יקים שני מגדלים על נתיבי איילון	0
הנדסת התפלה תקים מפעל התפלה בקזחסטן	0
החתן של תשובה רוכש השליטה במנדלסון ב-94 מ' ש'	0
"BDI: עופר, דנקנר ותשובה - המשפחות השולטות במשק"	2
החרדים של אמנון לוי: בלי שאלה אין תשובה	2
"""משפחת ממן להתפקד"". ונתנאל לא ענה"	2
אושרה הקמת מתחם המגדלים מול פארק צמרת	0
תשובה לא ישלם היטל של מיליונים לנתניה	1
"למרות ההבטחה: היועמ""ש מעכב החלטה בערר של משפחת סלמסה"	1
האוצר: לא ניכנע לסחטנות של משפחת עופר	1
"פרטנר במו""מ מתקדם להשקעה בחברת הכבלים מתב"	2
אלעד תשובה	2
השבוי השקוף	1
תאונת משפחת אטיאס - אין תשובה לשאלות הקשות	1
לבייב הדיח את ורטהיימר מראש רשימת עשירי ישראל	1
שמונה נהרגו בתאונה - ואיש לא יועמד לדין	1
קילומטר פיצה לילדים: היום האחרון	2
חברת השקעות מהרצליה סוחרת ב-20% מהדאקס	0
4 שנות מאסר לנהגת שהרגה 3 צעירים בתאונה	1
היחידה להכוונת חברים משוחררים	2
"העלוקה בשישי: הראל סקעת מהוהר, שביט ויזל מחוייכת"	2
כשאסתי גינזבורג פגשה את ג'יי לנו ואת אבא של אנג'לינה ג'ולי	2
בואו לצעוד למען גלעד	2
"רשימת 1,000 הזוכים בכניסה לאוטומוטור"	2
העלוקה בשישי	2
פתאום נהיה קיץ? טיולים ואירועים לסוף השבוע	2
אירועי סוכות במרכז	2
רק עבודות שירות למעסיקים בתנאי עבדות	1
ארבע גרסאות ואח תאום: גזר הדין של דניאל מעוז	1
סטנלי פישר והרוח היהודית בספרייה הלאומית	0
המהפכים וההפתעות: כל התוצאות בערים המרכזיות	0
צפו: כתבת מקולומביה הוטרדה מינית בשידור	1
בועות: טוכמאייר משקיעה בדוקו	0
קסמו של הטרנינג	0
הייטקיסטיות מישראל בעמק הסיליקון	0
תל אביב: כובתה השריפה במגדלי עזריאלי	0
מפגינים נכים חסמו צומת מרכזי בתל אביב	1
אופנה: איך הקונים נפלו ברשת	1
"נכים הפגינו בתל אביב: ""נותנים לנו פירורים"""	1
על האופניים	2
"יום הבוחר? לא, יום המוכר"	2
"יום השואה הבינלאומי באו""ם"	2
התאילנדית היקרה בארץ ועוד מקומות חדשים	2
"משפחות הנדל""ן בישראל מעבירות את השרביט לדור הבא"	2
יום של חול: נושמים ג'אנק ונהנים מזה	0
הכי ישראלי שיש	2
בית איזי שפירא מחבר עולמות	2
"אלפי יוצאי אתיופיה בכיכר: ""הפכנו שקופים. לא ניכנע"""	1
"""תודה על אהבתכם לירושלים"""	0
"יו""ר חברת החשמל יפתח רון טל נשאר צמוד לכלבתו - גם בישיבות הדירקטוריון"	2
אסף זמיר מוקיר את מדריכי הפסגות	2
"""אני המוזיקאי הכי טוב בעולם"""	2
"מעצבים בעקבות האתרים המיתולוגים של ת""א"	2
קולנוע דיזנגוף צפוי להיסגר	2
"מחוץ לפרוטוקול: מי נבחרה למפקחת מטעם האו""ם, ומי הפיק כנס משפטי לעולים מדרום אפריקה ואוסטרליה?"	2
"90 מיליון שקל עבור מושבת הטמפלרים בת""א"	2
אורי גלר הפך את הכפית של מייקל ג'קסון לקסדת מלחמת הכוכבים	2
עזריאלי זה לא רק קניון	2
הדוגמנית קלאודיה שיפר חוזרת לפרסם את אופנת מנגו	2
הפגנת נכים וקשישים: איילון דרום נחסם למשך כשעה	1
צעירים מרעננים התנדבות	0
העלוקה בשישי: מה עוז זהבי חיפש בתאילנד?	2
"מחאת הנכים התחדשה: ""רוצים שנמות? תודיעו לנו"""	1
מתחמים לצעירים או גטאות לבני נוער?	2
"בועות: בן אל בלי סטטיק בע""מ"	2
דור המייסדים חוגג: יבנאל כבר בת 110 שנה	0
ועידת ה־70	2
מגדל עזריאלי הרביעי אושר - יהיה השני בגובהו בישראל	2
העלוקה בשישי	2
"אלפי יוצאי אתיופיה מחו: איילון נחסם, פקקי ענק במרכז"	1
עזריאלי מרפד את ילדיו: יקבלו 60% מהמניות	0
26 מקומות חדשים בארץ	2
"עסקית ב""ברונו"": כשרה וטעימה"	0
"סנוב, להתעמלל כבר אמרת?"	2
לא סוף העולם	2
"דוד עזריאלי חוגג 90: ""מקווה לעוד הרבה שנים"""	0
חשבון נפש זה מציק	1
גלידה גרסת קיץ 2019	2
משחקים מסביב לשולחן	2
כשכצמן פגש את דפס	2
מי גאון של נעמי?	2
נלחמים באלצהיימר ב-65 מיליוני שקלים	2
רעש אדמה בכל רחבי הארץ	1
ספר: כך תגרמו לילד לסבול מהפרעות אכילה	1
הקרב על שרונה: התנגדות למגדל עזריאלי החדש	1
דנה עזריאלי	2
"""ההתנתקות היא לא מהאדמה, היא מהרעיון"""	2
ערי מסכנות	1
סטף ורטהיימר משלם לאשתו 250 אלף שקל לחודש	2
"""מסע הסולידריות לצפון ייצא מחר. בואו איתנו"""	2
פסח באוויר: כל המדינה יצאה לטייל	2
רשימת הנכסים של המיליארד איתן ורטהיימר	2
120 אלף איש חגגו בטבע שנה חדשה	0
"""תחושת בגידה והתקוממות"": הצרות בעמותה של סטף ורטהיימר"	1
מושיק תאומים ידאג לתדמית של ורטהיימר	2
הסדר פשרה בעמותה של סטף ורטהיימר: ימונו חברים חדשים	1
"בית המשפט העליון דחה עתירת ישקר נגד התמ""ת"	1
פורבס: ורטהיימר יותר עשיר משרי אריסון	0
שופט אסר על סטף ורטהיימר להיכנס לוילה שבנה	1
סיורים ומוזיאונים ליום השואה	2
סיורים ומוזיאונים ליום השואה	2
מרכז פיתוח חדש נחנך בגליל העליון	2
אנחנו על המפה	2
אירועי פורים לילדים ברחבי הארץ	2
רוטר משיק סבון	2
כישורית מציגה: החברים הכי טובים	0
"בישראל 7,200 מיליונרים ו-87 מולטי-מיליונרים"	2
"ד""ר דליה מגידו מקימה קרן בתחום מדעי החיים"	2
משפחת ורטהיימר השלימה את מכירת להבים	0
המיזם החדש של ורטהיימר: גן תעשייה בנצרת	0
"מסתמן: דסאו לא ישתתף בתוכנית ""הכרישים"""	2
"עבדאללה: ליזום ""תוכנית מארשל"" לשיקום המזה""ת"	2
תכלה שנה ואג'נדותיה	2
רמי לוי: אמכור דירות ואופטימיל בזול	0
מותג משותף ליצרני שמן זית ישראלים ופלסטינים	2
בוא נזמר ביזנס	2
"דיירי הירקון 87 בת""א נגד סטף ורטהיימר"	2
אוגוסט בצפון: תפוסה כמעט מלאה בבתי המלון	2
זוכרים חזון ומקיימים. רכילות עסקית	2
"אלו""ט מציגים: פאזל בגודל 300 מ""ר בכיכר רבין"	2
ההשתלטות הושלמה: באפט קונה עוד 20% מישקר	0
ישקר רכשה חברה יפנית בכמיליארד דולר	0
ברק מרגישה מוארת	2
גם אם רוצים אי אפשר להוציא המפעל מהארץ'	2
אלביט הדמיה: מכרה נכסים ב-550 מיליון דולר	1
כמה שוות הבנות של סטף ורטהיימר?	2
מסימני החג: עם ישראל יוצא לטייל	2
בתפן ובעומר מקווים: עסקת ישקר תקדם אותנו	2
סטף ואיתן ורטהיימר: כסף זה לא העיקר	2
ליצמן חוזר לכיסא המנהל	2
"יו""ר תיאטרון גשר עולה לשיר. רכילות עסקית"	2
ורטהיימר: עובדי הנמלים - אנשים שלא רוצים לעבוד	1
ורטהיימר ירחיב את מפעל ישקר בתפן	0
ברק מחפש קונה לדירתו ב-40 מיליון שקל	2
"רג'וב שלח מכתב, עידן עופר הבהיר: ""אתלטיקו תשחק בירושלים"""	2
עידן עופר שכר שירותי מודיעין עסקי במטרה לאסוף מידע מכפיש על יאיר לפיד ואחרים	2
עידן עופר רוכש 15 אחוז מאתלטיקו מדריד	0
עידן עופר - בעל המניות השני באתלטיקו	2
"בעלי השליטה בהמזרחי לא פנו לטל לפני מינוי היו""ר"	2
"העובדים לעידן עופר: ""תתערב במשבר בכיל"""	1
"לפיד נגד עידן עופר: ""התעשר כאן, ישלם בלונדון"""	2
החברה לישראל: המענק לעידן עופר יוכפל ל-2.5 מיליון שקל	0
האחים עופר: מוכנים להשתתף בדיון על הון ושלטון	2
רשות ההגבלים: לא לאפשר לאיי.סי פאוור הקמת עוד תחנת כוח פרטית בדרום	1
עוד טלטלה: גם רון מושקוביץ עוזב את עידן עופר	1
"שכרו של עידן עופר כיו""ר החברה לישראל יופחת בכ-30%"	1
ורניה: לא הצלחתי לתקן את השגיאות של עידן עופר	1
"עידן עופר פורש מתפקיד יו""ר החברה לישראל"	1
"אייל עופר בראש: אלה 21 הישראלים העשירים ביותר בעולם עפ""י פורבס"	2
ליאור רז במכירה פומבית להגשמת משאלות	1
עידן עופר ביטל את התביעה נגד מיקי רוזנטל	1
עידן עופר פורש מדירקטוריון החברה לישראל	1
שנה טובה לאלפיון העליון: 22 ישראלים בדירוג המיליארדרים השנתי של פורבס	2
הרפתקה חדשה לעידן עופר: חברת מכוניות בסין	2
תצרף ישראלים? קבוצה בבעלות עידן עופר עלתה לליגה הראשונה בפורטוגל	2
עידן עופר מתגייס לטובת הסכסוך ישראלי-פלסטיני	0
"עידן עופר מונה ליו""ר בנק המזרחי"	0
קורוס של עידן עופר הגיעה לאירופה. לא לישראל	2
"בורסת ת""א: חברת ההחזקות של עידן עופר נחתכה ב-15%"	1
עידן עופר על התפטרות ורניה: היתה בעייה של ניהול	1
ההפסד של עידן עופר בפסיפיק יעמיק ב־40% בתוך רבעון	1
משפחת עופר תובעת את מיקי רוזנטל	1
עידן עופר עובר מכימיקלים לירוק - האומנם?	2
עידן עופר רכש 15 אחוז מאתלטיקו מדריד	0
"כהונת עידן עופר כיו""ר המזרחי מסתיימת: יבקש הארכה"	1
"בנו של סמי עופר קנה את ""כדור הזהב"" של רונאלדו"	0
ספרא ועידן עופר במגעים למיזוג המזרחי והבינלאומי	2
עידן עופר נכנס לצמרת עשירי בריטניה	2
כולם הגיעו: אתלטיקו מדריד נחתה בישראל	2
בועות: עידן עופר דואג לאוהדים	0
"שמואל דנקנר ועידן עופר תרמו 8,900  ש' לשר שטרית"	0
עידן עופר מתכוון לעזוב את הארץ	1
עידן עופר מוכר את כל החזקותיו ברשת ולא יפעל בתחום התקשורת במשך 25 שנה	1
"עידן עופר תורם 25 מיליון לבי""ס בלונדון"	0
עידן עופר פרש מדירקטוריון המזרחי	1
דיווח: עידן עופר ביקר בחשאי בעיראק	2
חצי מיליון ש' מעידן עופר למימון מבצע מח עצם	0
בתיה ועידן עופר מציגים: עשור לנישואין במיקונוס	2
עידן עופר רוצה להתחרות בב.מ.וו ואודי	2
"נעילה בבורסת ת""א: קנון של עידן עופר הוסיפה 6% לערכה"	0
עידן עופר מוכר חברה ב–1.3 מיליארד דולר	1
לידיעת עידן עופר: טסלה רודסטר חדשה ב-2019	2
עידן עופר ינפיק חלק מהחברה לישראל בלונדון	2
תביעה נגד עידן עופר: העביר כסף לצים בלי אישור	1
רכב חשמלי: משרד התחבורה נגד עידן עופר	1
"תראו מי מייצג את המדינה בעניין תמלוגי כי""ל"	2
תביעה בסך 200 מיליון שקל נגד שי אגסי ועידן עופר	1
"""אני עוד לא מבין מספיק בכדורגל, אבל מנסה ללמוד"""	2
"עידן עופר יממן מלגות לסטודנטים מאפריקה בארה""ב"	2
לעידן עופר יש מפעל לחומר כיבוי; איש לא הזמין	1
עידן עופר על האסון בבית הזיקוק: חש צער עמוק	1
"סמי ועידן עופר רכשו מניות כי""ל והחברה לישראל"	0
עידן עופר עולה להתקפה: רוכש נתח מאתלטיקו מדריד	1
ועדת אור: נפתח השלב שבו ייחקרו ברק ובן עמי	1
זמן כוכבים: דירוג המלונות יסתיים עד 2014	2
בועות: אילנית לוי בקמפיין לפני החתונה	2
הדירות נשארו על הנייר - תביעה נגד יזם שכשל בבנייה בפלורנטין	1
"""למספרי התיירים של משרד התיירות אין כל שחר"""	2
"רענן כץ מגיב להאשמות: ""לא אני המדליף"""	1
פדרמן במכתב לאיגוד: התנהגות אוהדי הפועל מבישה	1
בועות: מה ג'רי סיינפלד הבטיח אחרי שסיים את ההופעות בישראל?	2
"מכבי ת""א הודיעה: וויצ'יץ' - המנהל המקצועי"	2
בועות: אביב אלוש ואבי לוי חוגגים	0
המנצחים והמפסידים של השבוע	2
העובדים בדרום יפוצו על אובדן ימי עבודה	0
"רפי שדה מונה למנכ""ל רשת מלונות דן"	0
פדרמן מחליף את ההנהלה של סקיילקס	2
בועות: הג'וב החדש של אלכסה צ'אנג	2
קמפיין למתחתנים הערביים בגמר היורו. רכילות עסקית	2
2011: כ-22 מיליון לינות תיירים במלונות בישראל	0
אחרי 8 שנים: סוף לסכסוך בין פדרמן ושטראוס	0
"תוכנית: תוספת של 5,000 חדרי מלון ב-5 שנים"	0
"מחפשים עבודה? במלונות חסרים ‭4,000‬ עובדים"	2
חשד: עדנה לב תקפה שוטרים	1
המאחז שבות עמי פונה; המתנחלים: נקים מחדש	1
שרון קורא לבכירי המשק לקדם ממשלת אחדות לאומית	2
פיתוח ישראלי יבטיח שמיים נקיים מעל הכנסת	0
מזל טוב: שרונה פיק התחתנה	0
ההשקעה של קנדי קראש. רכילות עסקית	2
"סוף עידן: מוני פנאן החליט לפרוש ממכבי ת""א"	1
"אנדי רם: קיימו את אליפות ישראל ע""ש אבי"	2
"אסירים יהודים לבג""ץ: שחררו אותנו בחילופי השבויים"	1
המלונאים נושמים לרווחה: קציר המלח נכון והגיוני	0
בכירי המשק לאולמרט: לא להרחיב את התקציב	2
שפיטה מופיעה בפני בכירי שטראוס ובנק הפועלים	2
"כדאי להשקיע? מחירי הנדל""ן בדרום ת""א יזנקו"	2
"התאחדות המלונות: ""המלון יקר? תבואו בחורף"""	2
"מי הפך את מרכז פרס ליזם נדל""ן?"	2
רמי שביט מציג ספורט ורעיה	2
שיר לשירה בסימפונית	2
יגאל עמיר ביקש לצאת לברית של בנו	2
"""בשנה הבאה ניפטר מהערבים, בעזרת השם"""	1
רשת מלונות דן: רווח נקי של כ-4 מיליון שקל ברבעון	0
"ירידה במלונות במאי: ""סימני המצב הגאופוליטי"""	1
שואו מי דה מאני: כמה מוציא תייר בישראל?	2
שמיים סגורים: מ-5:00 בבוקר יקורקעו טיסות	1
יפו לאמידים: 50 דירות חדשות ייבנו בשד' ירושלים	2
בועות	2
"ראשון: אשדוד בראשון לציון, ברק נתניה בנשר"	2
"מיסז'ניקוב מסכם קדנציה: ""לא טעיתי בכלום"""	2
יום הקולנוע הישראלי חוזר: סרטים ב-10 שקלים	2
בגלל מצרים? זינוק במספר לינות התיירים בארץ	2
נופשים יקרים: למה נופש באילת יקר יותר מבפריז?	2
ולנסיה ליורוליג: הענישו את מכבי על שלטי בן לאדן	2
"""אבא לא ראה את האביב"": סיפורי מדליקי המשואות ביום השואה"	2
"קייטנה מהסרטים: הצטרפו ליום הכיף של ""ידיעות אחרונות"" ו־ynet"	0
הרבנות למלונות: אין להגיש תאנים; חשש לחרקים	1
פרשת פנאן: גיא גודס ו-וילי סימס נחקרו	1
"ארמוזה הוזמן, פדרמן הסתובב"	2
"עמוס פרישמן: ""דייויד פדרמן אמר ששמעון מזרחי נמצא בניגוד עניינים"""	2
בועות	2
עוד יוזמה ברוכה נולדה	2
"מתחמם המרוץ: עוד מועמדים לתפקיד היועמ""ש"	2
המכירות הלוהטות של סוף השבוע	0
נופש אחר בישראל	2
"""בזכות יצחק נבון התחברתי לשורשים שלי"""	2
"מחזאים בכירים דורשים להופיע בפני ועדת ""הבימה"""	2
ארבעים וחמש מלכות	2
כשלבנה זוהרים פגשה את קובי וטליה	2
מארינה מקסימיליאן חושפת בטן של חודש שמיני	2
משוב השופטים: גרוניס ונאור אחרונים בעליון	2
חברות התרופות נאבקות על המונופול	1
הו דה פאק איז ג'ינה?	2
תפקיד חייה: גילה אלמגור חגגה חתונת זהב	0
איפה אוכלים בגליל העליון?	2
"""נתינה לאנשים שנמצאים בקו האש זו מצווה"""	2
אחרי התקף-לב: איך מתבצע השיקום והחזרה לשגרה	1
לא בגלל אשתי	2
המדריך	2
קלולס מבקרת בשמורת החולה	2
מפגש הביצה: איפה בילו טהוניה ועידן יניב?	2
המועמדים לפרס התיאטרון: הקאמרי מוביל	2
הזוגות שלקחו את הצעת הנישואים למקסימום	2
העלוקה בשישי	2
מני מזוז ברשימת המועמדים של ביניש לעליון	2
הלילה החשוף ביותר של קרן פלס	2
אחרי הפרידה: אושרת קוטלר עובדת על קאמבק	2
"דרוש: מנכ""ל ל""הבימה"""	2
שותפות לשמחה: כשמירי רגב פגשה את גילה אלמגור	0
יצאו לאור: דליה מזור ואלכס גלעדי ביחד	2
נפטרה הרוצחת שהסעירה את המדינה	1
ילדיו של קירשנבאום או זוגתו: איך תחולק הירושה	2
למי חגגה יעל בר זוהר?	2
"אישום: הטרדה מינית ב""הבימה"""	1
יום לפני הפתיחה: כל הכרטיסים לתיאטרונטו אזלו	2
משרדי עורכי הדין המובילים בישראל. המצעד	2
בנו של דן מרידור ימונה לתפקיד בכיר באוצר	0
ארוחת בוקר פלוס לילה	2
זכרונות מהכוורת ומתכונים נוטפי דבש	2
לפני הזמן: נחום מנבר שמכר נשק לאיראן משוחרר	1
ספר חדש למתחילים: כך תלמד להיות הורה	0
"דילן, הנדריקס ו... גבסו?"	2
משיקים קאמבק: הראל סקעת ועידן רול ביחד	0
תיאטרון הרצליה מציג - המשבר הגדול	1
"משפחתו של יעקב אגמון חוששת שיפוטר מגל""צ: ""השפלה של אדם בן 88"""	1
"תושבי שיכון דן נדחו: תמ""א 38 תימשך בת""א"	1
קנסות נמוכים למפירים - תמריץ לזיוף משחקים?	1
שבת משפחתית: למי חגגה יעל בר זוהר?	2
"מנכ""ל ""דלק מוטורס"" ועובד בכיר עוכבו לחקירה"	1
"ים של דמעות: לירונה מתה, הקרב על החוף נמשך"	1
שוחרר ממעצרו חשוד בתקיפה מינית של 19 ילדים	0
נדחתה התביעה הייצוגית נגד יצרנית קליה	1
חתונה אופנתית: בר רפאלי חוגגת עם החברה	0
אנחות יסוד	2
9 על 9: תשעה פרצופי תשעה באב	2
80 רגעים מופלאים בטבע בארץ ובעולם	2
בועות: ג'ניפר סנוקל ועופר טלקר מציגים	2
מיתוג מחדש: HOT תחליף את שמה לאלטיס - כמו החברה האם	0
פטריק דרהי רוכש את בית המכירות הפומביות סותבי'ס תמורת 3.7 מיליארד דולר	0
"אלטיס, בעלת HOT הישראלית, נקנסה ב־124.5 מיליון אירו בשל עבירה על חוקי ההגבלים האירופיים"	1
מירס מפטרת עשרות עובדים	1
"דרהי: ""לא אכפת לי להיות שחקן מספר 2"""	2
i24NEWS יחל את שידוריו בישראל	2
"זעזוע בהוט: המנכ""ל אילן צחי פורש אחרי שנה וחצי, טל גרנות־גולדשטיין תחליף אותו"	1
בעלי הוט רכש בית מכירות פומביות בניו יורק ביותר משלושה מיליארד דולרים	0
"מנכ""ל מירס, אברשה בורשטיין, יפרוש בסוף השנה"	1
ראש בראש: דרהי ובן דב נלחמים על 012 סמייל	2
מכרז הסלולר: חברת סלקט תחליף את אקספון	2
דרהי ינסה להגיע לאחזקה של כ-66% במניות הוט	0
"כחלון: ""הוזלה בסלולר - הכוח עובר ללקוח"""	0
במירס רוצים לשלם פחות על רישיון הסלולר	2
מתחדשת: קבוצת HOT מחליפה לוגו ונפרדת מהבועה האדומה אחרי 12 שנה	0
"מנכ""ל מירס: הכישלון של חזי בצלאל היה צפוי"	1
בכיר בחברה האם של HOT: ישראל עושה בית ספר לעולם	0
ההפתעה של הוט: גולן טלקום תתארח על התשתית שלה	0
הממשלה אישרה את מכירת מירס	0
הבורסה ננעלה בעליות; HOT זינקה ב-14%	0
בנק לאומי מוכר את אחזקותיו ב-HOT	1
עושים כבוד לפטריק דרהי	0
חברות הסלולר החדשות: מירס ו-018 אקספון	2
נמחקה העתירה נגד בחירת המפעיל הסלולר ה-5	0
"סטלה הנדלר, יו""ר HOT, פורשת מתפקידה"	1
הוט מובייל תפטר 40 עובדי מכירות ומטה	1
הושלמה מכירת מירס לפטריק דרהי	1
"לא עוד ""הוט"""	2
אנשי עסקים בכנס מיניות בריאה. רכילות עסקית	2
פלאפון וסלקום מתחרות על מירס	2
"נטישת הלקוחות לא נפסקת, גם בטריפל: הרווח הנקי של הוט צלל ברבעון ב־95%"	0
רכילות עסקית: תורמות ומצטלמות למען נשים מוכות	0
הקרב נגמר: צ'רטר קונה את טיים וורנר כייבל	0
"הוט: יותר לקוחות בטריפל, התחזקות בסלולר"	0
HOT: רווח נקי של 18 מיליון שקל	0
"רשמית: סטלה הנדלר תמונה למנכ""לית בזק"	2
נוקיה סימנס תקים את רשת הסלולר של מירס	0
פטריק דרהי רוכש את כייבל ויז'ן האמריקנית	0
חזי בצלאל הגיש הצעה לרכישת השליטה במירס	0
הקרב על מירס נכנס לישורת האחרונה	2
אלוביץ' מכר את מניותיו ב-HOT לדרהי	1
"9,000 מנויים עזבו את שירותי הטלוויזיה והאינטרנט של הוט ברבעון השלישי"	1
הרבעון של הוט: רווח נקי של 18 מיליון ש'	0
HOT מציגה: שנה של מהפכה וחזרה להובלה	0
פטריק דרהי רוכש את מירס בכ-170 מיליון דולר	0
תשובה יוצא מ-HOT: מכר 75% מאחזקותיו לדרהי	1
המפעילים החדשים: נוריד מחירי הסלולר ב-30%	2
כשבראבא פגש את סנדרסון	2
שיבושים ברווחי החברה	1
גובה ההצעות לרכישת מירס - אכזבה למוטורולה	1
הוט מסכמת את 2016: עלייה של 2% בהכנסות שהסתכמו ב-4.05 מיליארד שקל	0
וול סטריט ננעלה בירידות; טבע זינקה ב-8%	0
רכילות עסקית: פרזנטוריות של בריאות	2
המדריך	2
אל על משיקה	2
מחאת אנשי החינוך והאקדמיה - המכתב המלא	1
מעונות הסטודנטים: יש הרבה מה לשפר	2
המדריך	2
המדריך	2
נערך טקס הענקת פרס דניאלי לרופאים ולאחיות	2
הכדורסל (לא) שייך לצעירים	2
"אוחיון יושיע? מכבי ת""א הפסידה גם לבאמברג"	2
"קוראים ומשחקים: אירועי יריד הספרים הבינ""ל"	2
אנחנו דור נעלם	2
ההשקעה של קנדי קראש. רכילות עסקית	2
המדריך	2
"אורי פפר: ""הטלוויזיה שלנו במצב קשה"""	1
הוראות סריגה לבגד ים מדליק	1
צו הרחקה לפדרמן: קילומטר מבית האוגדונר	1
"באלדוצ'י: ""מקל ישחק במכבי. בורשטיין? לא יודע"""	2
"פדרמן: ""בלאט יכול היה להוציא יותר מהשחקנים"""	2
"ביהמ""ש למדינה: יש לכם 3 ימים להאשים את טלי פחימה"	2
עיין ערך מלומד	2
"ברקוביץ' חתם במכבי ת""א: באתי לקחת דאבל"	2
"אחרי העימות: פלסטינים הותקפו, מבנה חדש הוקם"	1
בנו של וורן באפט נחת בארץ במפתיע	0
"בתוך עשור: 1,000 מקומות עבודה חדשים בגליל"	0
משפחות העושר בישראל	2
ליצמן חוזר לכיסא המנהל	0
ריבלין קורא לגלות את ירושלים	0
מדינת ישראל חוגגת 58 שנים	0
כמה שוות הבנות של סטף ורטהיימר?	2
אומגה בפה ועל היד	2
"נשים בגיל המעבר: חושבות על מין, מקיימות פחות"	2
בועות: נמרוד משיח עובר לפיתוח אפליקציות	2
קרן נועה אשכול תמשיך בפעילותה	2
מיליון וחצי שקלים לשניידר	2
מרגלית מחדש את מנהטן	2
חיים הכט לראשות הממשלה	2
בועות: קולקצייה חדשה ללילך אלגרבלי	2
רשימת הנכסים של המיליארד איתן ורטהיימר	2
"""חוב המיליונים"" של ורטהיימר התכווץ"	2
כך פספסנו את המימונה הייקית (אבל אפשר לתקן)	2
ברק חסך תשלום מס של 7 מיליון שקל	0
נכנס יין	2
נקודת מגע: מוזיאון ישראל המחודש חוגג שנה	0
מי לוקחת בתחרות השמלה השחורה הקטנה?	2
רגל קרושה ודובדבנים אדומים: סוף שבוע במטולה	2
רוני דנקנר מכר את ביתו בארסוף ב-8 מיליון דולר	1
תחרות העסקים הקטנים: צפו בזוכים	0
בועות	2
"אגדת הפלמ""ח גידי אילת הלך לעולמו"	1
הבית של הברקים נמכר ב-3.5 מיליון דולר	1
הסיפורים מאחורי העסקים המשפחתיים של בעלי ההון	2
שופט אסר על סטף ורטהיימר להיכנס לוילה שבנה	1
העלוקה בשישי	2
אלברטו קונטאדור יבקר בישראל בחודש דצמבר	2
משפחת שטראוס לא תמכור מניותיה בקרוב	0
200 אלף דולר מעיר המלאכים למריומה	0
פועלים למען הציבור: זוכי פרס רוטרי	0
הגשמת החלום וסגירת מעגל	0
מיזם האופניים הגדול שיעזור לפתח את התיירות בגליל	0
13 תעשייניות ב-70 שנה: הנשים הבודדות בעולם של גברים	1
"ביה""ח בנהריה נגד רגב: ""סטירת לחי, גם למנהל מגיע להשיא משואה"""	2
שנת צדקה: נתינה עם חיבוק שווה יותר	0
חמש קטנות על התוכנית לצמצום הזיהומים  בבתי החולים | עם רעיה שטראוס בן־דרור	2
בלעדי: אי.סי.איי עומדת לפטר מאות עובדים	1
ירושלים של מעלה: רמי לוי יבנה מגדלים בגבעת שאול	0
שני פצועים קל בפיגוע ירי ליד מאחז בבנימין	1
אי סי איי טלקום נמכרה תמורת 1.2 מיליארד דולר	1
"רמב""ם: תוך יומיים - שני תינוקות בלעו סוללות"	1
"אייל עופר בראש: אלה 21 הישראלים העשירים ביותר בעולם עפ""י פורבס"	2
"אי.די.בי ודסק""ש ירוויחו עד 170 מיליון ש' מהנפקת GVT"	0
בעלי המניות ב-ECI אישרו את מכירתה לקבוצת שאול שני	1
תביעת מתן נאור': שאול איזנברג ושי שני לחקירה	1
עוד שני מטוסי דרימליינר של אל על בדרך לישראל	0
דיווח ברוסיה: שני מציע למדבדב לרכוש את ECI	0
פרק 3: הפמליה	2
"זהבה שאול: ""כל מה שאמרתי על ראש הממשלה אמת"""	2
הושלמה עסקת הרכישה של חברת אי סי איי טלקום	0
שני האחים תרמו כליה לזרים. האח השלישי בהמתנה	0
מטח לעבר רכב: שני פצועים בפיגוע בשומרון	1
"למסירה: שני סניפים של מגה, כולל אשראי"	2
חיילים במרצ: למה לא נותנים לנו להצביע בפריימריז?	2
"מופז נגד בתי המשפט, סיבוב שני"	2
"שאול ""המלך"" מזרחי נפטר בגיל 81"	1
ראש המוסד למיזמים מיוחדים	2
שופט גילה שהחשוד רעב - ויצא להביא חטיף	1
"הרצל שאול בראיון לפני מותו: ""אולי טעינו שחיכינו שנתיים בלי לצעוק"""	1
"""בנק לאומי – הטוב בישראל ב־2016"""	0
"משפחת גולדין מגיבה לדיווחים: ""מתאמצים לשכנע את הממשלה לשנות את המשוואה"""	2
שני חיילים נהרגו בהתקפה על מחסום המנהרות	1
בעקבות סערת מפעל הפיס - שני שופטי פרס ספיר התפטרו	1
"עובדי ECI הפגינו נגד הבעלים: ""פיטורי נוחות"""	1
פרשת בזק: מעצרו של שאול אלוביץ' הוארך עד יום שני	1
"המשנה למנכ""ל והסמנכ""ל ב-ECI פורשים"	1
"הפועל ת""א בגמר. אייזנברג: ""מבחינתנו אנחנו אלופים"""	2
שני אחים נפצעו בפיצוץ רכב בדרום תל אביב	1
"""אני כבר לא יכול להחזיק"". עדות מהלילה הדרמטי בכינרת"	1
"רשות ני""ע בברזיל חוקרת את עסקת מכירת GVT"	1
נוחי דנקנר ושלמה דוברת מוכרים את ECI לשאול שני	1
ECI מתכוננת לגל פיטורים: כ-300 יעזבו	1
פועלים-השקעות תמנה 2 דירקטורים מטעמה בנייס	0
אקזיט המיליארדים: איך שאול שני עשה את זה?	0
"""רוסאטום הרוסית במו""מ לרכישת חלקים מ-ECI"""	0
"שני קיבוצניקים לשעבר קנו את האולם של ה""אוסקר"""	0
"דדו, בר-לב וכל השאר: זכרונות משאול ביבר"	2
שני צעירים נהרגו בתאונה באזור אשדוד	1
"מקורבי הלוחמים מנצח יהודה: ""לא היו צריכים לשמור על מי שסייע להרוג את חבריהם"""	1
הותר לפרסום: שני ישראלים מוחזקים בעזה	1
בדרך לכתבי אישום חמורים: לוחמים הכו פלסטינים ותיעדו	1
"הילדה מהפיגוע ב""אפרופו"" מתגייסת"	0
"בן-שאול יישאר יו""ר משאב"	2
"מביהמ""ש לביה""ס: בני הזוג שהפכו למורים"	2
eci תפטר כ-150 עובדים במהלך השבוע	1
"מאיר שני מונה למנכ""ל כלל תעשיות"	0
"עד המדינה מהבר נוער: ""יש לי הוכחות לגבי שני מעורבים ברצח"""	2
אחרי המאבקים והפיטורים: נחתם הסכם קיבוצי ב-ECI	2
"מאיר שני צפוי להתמנות למנכ""ל כלל תעשיות"	2
אנטרקוט מטורף ועגבניות פראיות: אייל שני חוזר למטבח	0
המנצחים והמפסידים של השבוע	2
זה המורה שנגע בילדות	1
דנקנר השלים מכירת מניות שופרסל לברונפמן-פישר	0
"""בית החולים רעד, תפסתי את שני התינוקות בידיים ורצתי"". עדות של אב שחזר מנפאל"	1
"אלוביץ' וחפץ ש""שותק ולא משתף פעולה"" יישארו במעצר"	1
עלתה למקום ה-1: עזריאלי החברה הכי מזהמת	1
רכילות עסקית: גיא גיאור רוקד על כל החתונות	2
מכרז בזק: שרון יכריע השבוע בסוגיית פראנס-טלקום	2
קופיקס בקניוני עזריאלי ובדיזנגוף סנטר	2
"דוד עזריאלי חוגג 90: ""מקווה לעוד הרבה שנים"""	2
גלידה גרסת קיץ 2019	2
עזריאלי זה לא רק קניון	2
אורי גלר הפך את הכפית של מייקל ג'קסון לקסדת מלחמת הכוכבים	2
ראש הממשלה ושרת החינוך יצאו יחד לתיאטרון	2
פסטיבל האביב הבינלאומי של ראשון לציון חוזר	2
החורף לא בא - בקניוני עזריאלי יוצאים במבצע	0
"ארדן: ""שוטר אלים לא יישאר בשורות המשטרה"""	1
"יוצאי אתיופיה מחו במשך שעות בת""א, 10 נעצרו"	1
"הקניון החדש ברמלה: בלי זארה, עם h&m"	1
תל אביב: כובתה השריפה במגדלי עזריאלי	0
עזריאלי מרפד את ילדיו: יקבלו 60% מהמניות	0
טלי שרון חזרה לאקס	0
"יו""ר חברת החשמל יפתח רון טל נשאר צמוד לכלבתו - גם בישיבות הדירקטוריון"	2
אדום בוהק: רשת LAKA נמכרה לישראל צברי	2
קיץ על הגובה: אטרקציה על גג עזריאלי	1
"השב""כ ממליץ: להוציא את פראנס טלקום מההתמודדות"	2
צופים מגג העולם	2
סיכום 2004: הקהל חזר לקניונים	2
"""גם ליוצאי אתיופיה בפרדס כץ מגיע בית חם"""	2
"פעם הייתי עו""ד, היום אני בעלת קונדיטוריה"	2
סניפי רשתות: לא מקבלים בקבוקים למחזור בשישי ובערב חג	1
הכירו את האנשים מאחורי מותגי-העל של Superbrands	2
"שרון: ""הפיגוע בקריה - תוצאה של הסתת הרשות"""	1
דנה עזריאלי	2
"יום סוער: ""המערכת הכי רצינית מתחילת העונה"""	1
"מחוץ לפרוטוקול: מי נבחרה למפקחת מטעם האו""ם, ומי הפיק כנס משפטי לעולים מדרום אפריקה ואוסטרליה?"	2
ותן טל ומטריה	2
"דירה בת""א במחיר 3 באירופה: כדאי להשקיע?"	2
"קובי פרץ: ""עברתי משומן כבש לחזה עוף"""	0
"""יום קניות מטורף"": מפת העסקים שפתוחים בישראל בשבת"	0
בקרוב: מדד חברות משפחתיות בבורסה	2
"קבוצת קסטרו-הודיס יוצאת מ-5 קניוני עזריאלי ""אנחנו מתחילים צונאמי"""	1
3 חודשים לאסון הכרמל – 81 כבאים לפני פיטורים	1
ככה פותחים פסטיבל	2
"המו""מ פוצץ: עזריאלי לא קונה את שרונה מרקט"	1
שהטרור יקפוץ להם: אמני הפארקור משתלטים על ישראל	1
בועות: המרדף של הקיבוצים אחרי הקנאביס	1
שעת': שרון המנהיג החזק והמסוכן מאז בן גוריון	1
מרכז עזריאלי: המגדל השלישי בדרך	2
"הערב מגיעים תושבי הדרום להפגין בת""א: ""יצא המרצע מן השק"""	2
"ישראל סוערת: קניון מודיעין הוצף, נזק כבד לרכוש"	1
לאומי תורם ספרים על השואה לספריות עירוניות	0
אופנת רחוב	2
"מחאה בעוצמה פחותה: הפגנות בת""א ובקריית אתא"	1
"""שרון הוא זמני - שא-נור לא"""	2
"אלוף הפיקוד: ""לא תהיה פאניקה ברעש אדמה"""	1
כנס בצפון: אדמות המדינה נגזלות בידי ערבים	2
"מקס סטוק, מאחורייך"	2
"שריפה בקניון איילון, הקהל פונה מהקולנוע"	1
האם חשיפת התיק הרפואי גרמה נזק לקמפיין?	1
אסף זמיר מוקיר את מדריכי הפסגות	0
להסיר את הסיר	2
"50 אלף דולר לראש, פגישות בבית גיל הזהב: כתבי אישום חמורים בפרשת מוסלי"	2
שווארמות? שרון אוהבת לאפות	2
מתנחלים עם לפטופ	2
"שרי אריסון: מקום 57 בעולם, ומה בישראל?"	2
שרי אריסון מתגאה בבן	0
רמי לוי הציע מסלול סלולר בשקל - סלקום ופרטנר ירדו בבורסה	2
"שרי אריסון קנתה פנטהאוז בת""א ב-13 מיליון דולר"	0
איקאה תקים חנות שלישית בצפון עם שרי אריסון	0
תושבים בבני ציון: שרי אריסון חסמה רחוב לכבוד יום הולדתה	1
השנה הקשה של שרי אריסון	1
"שרי אריסון: ""לא היתה לנו ברירה אלא לפטר"""	1
אחרי שני עשורים: שרי אריסון תיפרד מהפועלים	1
שרי אריסון שבה ומשקיעה בבנק הפועלים	0
אשה שלישית שוקלת להתלונן נגד בעלה של שרי אריסון	1
שרי אריסון מוכרת מחצית ממניותיה בבנק הפועלים - תמורת 3.25 מיליארד שקל	1
"ארה""ב: שרי אריסון קיבלה תואר ד""ר של כבוד"	0
האם שרי אריסון ידעה?	2
שרי אריסון תקים קניון ענק בקריית-אתא	0
ג'ייסון אריסון	2
הנשים העשירות בעולם: שרי אריסון מקום 6	2
שרי אריסון מכרה מניות קרניבל-קרוז ב-28  מ' ד'	1
שרי אריסון לא מוכרת בשלב זה מחצית מאחזקותיה בבנק הפועלים	2
שרי אריסון וצביקה פיק תובעים את גינדי החזקות על ליקויי בנייה במגדל השופטים	1
שרי אריסון מציגה: מודל עשיית הטוב	0
"שרי אריסון בעד מכבי ת""א"	2
שרי אריסון: אתן מיליונים לנזקקים בישראל	0
"שרי אריסון מוכרת את הפנטהאוז שלה בת""א"	1
שרי אריסון ברשימת 10 המיליארדרים הירוקים	2
"שרי אריסון מקפיאה את פעילות ""מהות החיים"""	1
שרי אריסון ועופר גלזר מתגרשים	1
שרי אריסון: היום שבו הפסקתי לפחד	2
שרי אריסון תובעת 20 מיליון שקל ממשפחת דנקנר	1
שרי אריסון בדרך החוצה מבנק הפועלים	1
הופסקו המגעים למכירת מחצית אחזקותיה של שרי אריסון בפועלים	1
"שוחד בעשרות מיליונים בשיכון ובינוי: ""להעמיד לדין את שרי אריסון"""	1
הותר לפרסום: שרי אריסון היא אשת העסקים הבכירה שנחקרה	1
דרמה: שרי אריסון נפרדת מרני רהב	1
שרי אריסון מוכרת 50 מיליון מניות בנק הפועלים בכ-1.3 מיליארד שקל	1
"""המסע של אור"" - ספר ילדים מאת שרי אריסון"	0
פרשת שיכון ובינוי: הכל התחיל כשעובד גילה שחיתות - וסירב לשתף פעולה	1
חשד: בעלה של שרי אריסון ביצע מעשים מגונים באחות	1
"שרי אריסון בירח דבש; מינוי המנכ""ל יתעכב"	0
בגלל שרי אריסון - פרופ' ברנע התפטר מבנק הפועלים	1
השלום מתחיל בתוכי - שרי אריסון למען העמותות	0
"אריסון: ""טענות לשוחד סותרות את מה שאני מאמינה בו"""	1
שרי אריסון מוציאה ספר חמישי - לילדים	0
שרי אריסון קנתה 885 דירות להשכרה בברלין	0
שרי אריסון שוחררה לביתה בתום חקירה ממושכת ונאסרה יציאתה מהארץ	1
"אמה של שרי אריסון, מינה אריסון ספיר, נפטרה"	1
ואם שרי אריסון היתה גבר?	2
חשיפה: העדות של שרי אריסון במשטרה	1
"גינדי נגד שרי אריסון וצביקה פיק: ""הנזקים במגדל G - מצד הדיירים"""	1
"""ככה זה עבד בקניה"" - על פרשת השוחד של שיכון ובינוי"	1
שרי אריסון: להפחית את המס על הפנטהאוז שלי	2
שרי אריסון והמנהלים: איפה הדירקטוריון בסיפור?	2
צעירה נפצעה קשה במסיבה בביתה של שרי אריסון	1
בין הבכירים בשיכון ובינוי לשעבר נגדם יש תשתית ראייתית: שרי אריסון	1
יום מעשים טובים הבינלאומי: מיליוני אנשים ב-108 מדינות השתתפו באלפי פרויקטים למען החברה והסביבה	0
שרי אריסון מכרה מניות שיכון ובינוי ב-40 מיליון ש'	1
כמה כסף יקבל גלזר? כנראה שלא הרבה	2
בנק ישראל אישר: שרי אריסון לא תהיה בעלת השליטה בבנק הפועלים	2
גם לתת בחזרה. ראיון מיוחד עם שרי אריסון	0