סאם לוי: הכהן הגדול החדש של שרי אריסון	2
"המעשה הטוב של יחימוביץ': ""אריסון מטיפה לכם ומפעילה אתכם, במלל ניו אייג'י רוחניקי"""	1
כדי להחליט לקנות חברה לא צריך יותר משלוש שעות	0
עסקת חייו: למה העזיבה של לחמני שווה לסיידוף 12 מיליון שקל	2
חשיפה: העדות של שרי אריסון במשטרה	1
ותואר אשת העסקים הכי גרועה בישראל הולך ל...	1
מיועצים משפטיים למותג רשת: מי למדו לשפר את הרושם הדיגיטלי	0
האם עודד ערן יצליח לנקות את האורוות של בנק הפועלים?	2
"שרי אריסון עושה עסקים: ""הגיע הזמן לאנרגיה נשית"""	0
שרי אריסון מציגה: מודל עשיית הטוב	0
שרי אריסון לביהמ ש: יש להפחית את המס על הפנטהאוז שלי בת א	1
היה שווה? תשואה של 230% למניית הפועלים בתקופת אריסון	0
אריסון הבת לא למדה מאריסון האב	1
המחצית האחרונה של אריסון בשיכון ובינוי: תזרים שלילי של כמעט מיליארד שקל	1
מיקי אריסון: הירושה השנייה והאח שחולש על שוק התענוגות	2
האחיין של שרי אריסון כובש את ה-NBA	2
היזם: הליקויים במגדל השופטים בת א - בגלל הדיירים	2
אמה של שרי אריסון, מינה אריסון ספיר, נפטרה	2
"שו""ב מוכרת את חלקה בחנות איקאה ברווח של 83-88 מיליון ש'"	0
שליש מדירקטוריון בנק הפועלים ישתנה בשבוע הבא	2
שרי אריסון מעמידה את מלח הארץ על המדף	0
יוקרה במושבי השרון: כבר אין הרבה קונים לנחלות ב-10 מיליון שקל	2
שוחרר עובד לשעבר של שיכון ובינוי שנעצר בבולגריה כחלק מחקירת השוחד לכאורה בחברה	1
נתי סיידוף:  אנחנו נחושים להשלים את עסקת שיכון ובינוי בשבוע הבא	0
כמה באמת הרוויחה שרי אריסון מהשליטה בבנק הפועלים	2
שרי אריסון מוציאה ספר חמישי - לילדים	0
"שרי אריסון מחפשת רוכש ל""מלח הארץ""- יצרנית המלח הגדולה במדינה"	0
החשבון של שרה נתניהו והאשראי של שרי אריסון: הנוכל הפרוע בישראל משתחרר מהכלא	1
ששת המהלכים שעיצבו את שוק ההון ב־2018	0
שרי אריסון מוכרת 50 מיליון מניות בנק הפועלים בכ-1.3 מיליארד שקל	2
צרות נוספות לשיכון ובינוי: הפעם בגואטמלה	1
הבורסה: בעלי עניין מכרו השנה מניות ב-13 מיליארד שקל	2
מחר זה קורה: עושים מעשים טובים בכל הארץ	0
שרי אריסון מכרה את שיכון ובינוי בזול - נתי סיידוף כבר עשה חצי מיליארד שקל	1
מהות החיים הטובים	0
"שרי אריסון: ""ראיית העתיד שלי מפחידה; חודשיים לפני הצונאמי באסיה חזיתי גל אדיר שהורג אלפי אנשים; קיבלתי מסר - לא למכור את שיכון ובינוי - וכך עשיתי"""	0
לא רק באפריקה: חוקרים פשטו על סניף חברה נכדה של שיכון ובינוי במרכז אמריקה	1
כך חברת הנדל ן שפועלת בברלין  נחטפה  מתחת לאף של שרי אריסון	1
דיבידנדים - כאן גרים בכיף: שרי אריסון ודן קספרס מעלים הילוך	0
הסיידופים מעבירים מיד ליד את השליטה בשיכון ובינוי	2
המושכת באריסון	1
אריסון נפרדת מבנק הפועלים עם 1.7 מיליארד דולר	0
דני דנקנר, יאיר סרוסי, ציון קינן ובכירים נוספים ישלמו 16 מיליון שקל לבנק הפועלים	0
מעיריית ת א, דרך רובינשטיין ועד שרי אריסון: מי יגזור קופון על 12 אלף דירות בצפון ת א?	1
שרי אריסון מחסלת את אחזקות חברת מלח בבנק הפועלים	2
המדור רשימה שחורה מציג: פרטים בלעדיים מחקירת שרי אריסון	1
שרי אריסון עשויה להידרש להיפרד משיכון ובינוי או מהפועלים	1
דיבידנדים: הבן של שרי אריסון מתחתן	2
מקורב לחקירה:  העד נגד שיכון ובינוי ימשיך לשתף פעולה	1
10 דברים שצריכים להטריד את מנכ ל שיכון ובינוי הבא	1
למכירה: הפנטהאוז של שרי אריסון ב־150 מיליון שקל	2
הצמיחה בהכנסות שיכון ובינוי עלולה לחייב את שרי אריסון לבחור בינה לבין בנק הפועלים	2
תביעה משפטית חושפת את הרגלי החיים של שרי אריסון	1
הטיפה האחרונה: שרי אריסון בדרך למכירת מיה	2
שיכון ובינוי השלימה מימוש החזקותיה בכרמלטון ונתיבי הצפון	2
עו ד נתי שמחוני עוזב את הרצוג, פוקס נאמן ומקים משרד בוטיק בתחום הצווארון הלבן	2
"""המסע של אור"" - ספר ילדים מאת שרי אריסון "	0
"מי יגן על הפנסיות שלנו? המנכ""ל והפרופסור חושפים אמת מפחידה"	1
סיידוף עשה בית ספר לשותפיו ב-ADO: שיכון ובינוי מכרה מניות במחיר שיא וחסכה לעצמה צניחה של יותר מ-30%	2
נתי סיידוף תמך בהחלטת שיכון ובינוי שלא למכור את פעילות התשתיות הבינלאומית של SBI	2
הושלמה העברת השליטה בשיכון ובינוי מאריסון לסיידוף	2
"גינדי נגד שרי אריסון וצביקה פיק: ""הנזקים במגדל G - מצד הדיירים"""	1
מפוארות ומתפוררות: הצרות של שרי אריסון במגדל דירות היוקרה של גינדי	1
שיכון ובינוי מוותרת על ברלין: מוכרת את חלקה ב-ADO ב-850 מיליון שקל	2
האחוזות של עשירי המושב נתקעו על המדף	2
המנהלת שקיבלה מאריסון 18 מיליון שקל בשנה בשביל לבצע עבורה את העסקה התמוהה של העשור	1
שרי אריסון רוכשת 885 דירות המיועדות לשכירות בברלין ב-570 מיליון שקל	2
הכישלון של בנק ישראל, ומה אמר לי סטנלי פישר על גרעיני השליטה בבנקים	2
שיכון ובינוי נהפכה לנושאת מטוסים עם שני מנועים תקולים	2
שרי אריסון יוצאת מרשימת הגורמים הריכוזיים	0
"העו""ד, הפרסומאי, הרו""ח והמנהלת בפועל: מי באמת מנהל את בנק הפועלים?"	1
שרי אריסון תובעת 20 מיליון שקל מבני משפחת דנקנר	1
שרי אריסון ועופר גלזר מתגרשים	2
שרי אריסון מוכרת את מלח הארץ לפורטיסימו ב-170 מיליון שקל - 60% מהמחיר שביקשה	1
לפקח על הרוכשים: מי יקנה את מניות בנק הפועלים - ולמה זה חשוב	2
שרי אריסון: כמה כוונות טובות, אפס ביצועים עסקיים והרבה נזקים	1
"שרי אריסון וחן ואיתי גינדי רכשו קרקע בראשל""צ ב-220 מ' ש'"	2
עובדי שיכון ובינוי הכריזו על סכסוך עבודה: דורשים תגמול על מכירת השליטה לסיידוף	2
סמנכ ל הכספים של שיכון ובינוי פורש מהקבוצה	2
סינדרלות עם הסכם ממון: על אהבות ופרידות באלפיון העליון	2
החלום של שרי אריסון התפוגג: בור של רבע מיליארד שקל מסתתר במאזן של שיכון ובינוי	1
"""אם בני מאשר, אז אין בעיה"": למי שייך המטוס הפרטי שרשום באיי קיימן?"	1
כהונת עודד ערן בפועלים כמעט נקטעה	2
"שרי אריסון פותחת את יום מעשים טובים הבינלאומי בנאסד""ק"	0
"האם בבנק הפועלים למדו את לקחי העבר, ובחירת המנכ""ל הפעם לא תהיה מכורה מראש?"	1
יעקב לוקסנבורג נגד אריסון: הסכם השליטה המשותף עם אפולו פוגע בבעלי המניות	1
בלעדי ל כלכליסט  - הצצה נדירה לבייבי של שרי אריסון: 17.3 מ&#39; ד&#39; נשטפו דרך הצינורות של מיה	0
היאכטה של שרי אריסון שוב מוצעת למכירה	2
הבור האפריקני של שרי אריסון	1
המכבש האמריקאי עלה גם על אריסון	1
"מהפועלים לבינלאומי: אירית איזקסון תמונה ליו""ר הבינלאומי"	2
אריסון בוחנת מכירת מחצית מהשליטה בשיכון ובינוי	2
חופה בלי פוליטיקאים: שרי אריסון חיתנה את בנה ג'ייסון	0
"""מדברים טוב, עושים טוב"": יום המעשים הטובים לשנת 2019 יוצא לדרך"	0
"שרי אריסון: ""אני אוהבת את ישראל ונשארת בארץ"""	0
מישהו הזיז לאיי.די.או את הגבינה בשוק הדירות להשכרה בברלין	2
תקדים: בכירים לשעבר בבנק הפועלים יידרשו לשלם לבנק קנס של 15.6 מיליון שקל	2
שרי אריסון ואפרת פלד מציגות: העסקה ההזויה של השנה	1
"קב' אריסון מקדמת פירעון מוקדם של אג""ח וגיוס אג""ח חדשות"	2
סוף להפסקת האש באיי.די.או; סיידוף ודיין מחליפים מהלומות	2
שרי אריסון:  מכרתי את השליטה גם בקרניבל קרוז; אני לא עוזבת את ישראל	0
מי חגג יחד עם שרי אריסון במסיבת סילבסטר בחוות רונית?	2
כך עבדה לפי החשד תרבות השוחד באפריקה של שיכון ובינוי	1
הלוואת ענק: כך עזר יאיר המבורגר לשרי אריסון	1
הבוננזה של אריסון בברלין: עלייה של 2.3 מיליארד ש&#39; בשווי הדירות בחצי שנה	0
יום מעשים טובים הבינלאומי: מיליוני אנשים ב-108 מדינות השתתפו באלפי פרויקטים למען החברה והסביבה	0
הרומן של הבנקים עם אלוביץ' נגמר במחיקת 1.4 מיליארד שקל	2
בעלי החוב של שיכון ובינוי עצבניים - ושרי אריסון תיאלץ להכניס את היד לכיס	1
הרווח למדינה ממכירת מניות אריסון בפועלים: עד מיליארד שקל	2
סקר: שרי אריסון שישית בדירוג הנשים העשירות בעולם	0
הישראלית שתנהל 300 מיליון דולר של המשקיע הסדרתי מבריטניה	2
שרי אריסון נחקרה בחשד למעורבות בשוחד בפרשת שיכון ובינוי	1
מימושי בעלי העניין הגדולים של 2018 בבורסת תל אביב: מי הרוויח, מי הפסיד ומי מכר בזמן	2
המשטרה הקפיאה למשה לחמני נכסים ביותר מ־12 מיליון שקל	2
"בזק, מילצ'ן ושו""ב: ראיון עם עו""ד פיני רובין, שכפץ האלפיון"	2
הקרקע בגעש הפכה לשמורת טבע: המדינה תפצה את הקיבוץ ואת נתי סיידוף במיליונים	2
בצל פרשת השוחד: שיכון ובינוי בוחנת מכירת פעילות באפריקה	1
צניחה של 78% ברווחי שיכון ובינוי; בוחנת מכירת החזקות ב-SBI	1
מנכ ל שיכון ובינוי לשעבר ירון קריסי נחקר בפרשת השוחד בשיכון ובינוי	1
אריסון מסרבת לשלם לעובדי שיכון ובינוי מענק במסגרת מכירת החברה לסיידוף	0
הופסקו המגעים למכירת מחצית אחזקותיה של שרי אריסון בפועלים	2
הכישלון הגדול: שרי אריסון קיבלה מסרים מלמעלה - ובנק ישראל לא שמע את הקולות	1
השוחד בשיכון ובינוי: המשטרה הקפיאה לאפרת פלד נכסים בעשרות מיליוני שקלים	2
אייל עופר בראש: אלה 21 הישראלים העשירים ביותר בעולם עפ י פורבס	0
תכנוני המס נחשפים: שרי אריסון רשמה את חברת המים בלוקסמבורג	1
הפספוס הגדול של שרי אריסון: סיגנצ&#39;ר שווה כמו הפועלים	1
"שוחד בעשרות מיליונים בשיכון ובינוי: ""להעמיד לדין את שרי אריסון"""	1
אורד תקים 4 תחנות כוח עבור שיכון ובינוי ב-100 מיליון שקל	2
הגל הבא: מניות בנקים בשווי 12 מיליארד שקל יעברו בעלות בשנתיים הקרובות	2
בנק ישראל צריך לבטל את היתר השליטה של אריסון בבנק הפועלים	1
אבנגואה פשטה רגל - והמיזם הסולארי של אריסון בנגב מתעכב	1
הבעלים התחלפו - אבל שיכון ובינוי עדיין מדווחת כאילו היא של שרי אריסון	2
מחיר הבריחה: שרי אריסון מוכרת הכל בזול ובלי מלח	1
עסקת שיכון ובינוי: הישג נכסף לסיידוף, הקלה לאריסון	2
&#39;מלח הארץ&#39; של שרי אריסון חיסלה את יתרת אחזקותיה בבנק הפועלים	2
האתגרים העומדים בפני מנכ ל בנק הפועלים החדש	2
דיבידנדים: בכירי המשק נערכים לחתונת הבן של שרי אריסון	2
אריסון מחליפה בנק השקעות בניסיון להתניע מחדש מכירת חלק ממניותיה בפועלים	0
יובל דגים מנכ ל שיכון ובינוי פורש מתפקידו	2
"ארה""ב: שרי אריסון קיבלה תואר ד""ר של כבוד"	0
בית ההשקעות פסגות הפך לבעל אמצעי שליטה מהותי בבנק הפועלים	2
כמה הפסידו עשירי העולם מתחילת השנה, ומה עם המיליארדרים הישראלים?	1
רשות מקרקעי ישראל רוצה נתח ממכירת מלח הארץ של אריסון	1
הבור של שרי אריסון בניגריה: 100 מיליון דולר	1
שרי אריסון תקים מגדל בן 40 קומות ליד לונדון מיניסטור	0
צפו בספינת שיט תענוגות ענקית של משפחת אריסון הורסת מרינה באיטליה	1
שרי אריסון שוחררה לביתה בתום חקירה ממושכת ונאסרה יציאתה מהארץ	1
אריסון ומשפחת דיין מאחדות כוחות נגד לוקסנבורג	1
מנכ ל סוגת מארגן קבוצה לרכישתה ממאן	2
וואלה! ביז: למה שרי אריסון חיבקה כלבלב ?	0
חגיגה שווייצרית: שרי אריסון והנהלת הפועלים שווייץ מבלים בשפיים	2
היום שאחרי אריסון: אלה האתגרים שמחכים לבנק הפועלים	2
25 מיליארד שקל על המדף. התעלומה: מי יקנה?	2
"""כשמגיעות לשוק מניות של חברות טובות וגדולות, המוסדיים מעוניינים להגדיל את החזקות האקוויטי"""	2
ההפקרות מתחילה מבפנים: משהו רקוב בממלכה של שרי אריסון	1
יותר מ-900 מיליון: ההון-שלטון-עיתון גנב עשרות מיליארדים, וממשיך גם היום	1
כמו רובין הוד, רק להיפך: האנשים שלוקחים מהציבור הרחב - ונותנים למעט עשירים	1
מיליון דולר מקאהן וקרן בראשית - על המחויבות למאבק באנטישמיות	0
דירה ב-98 אלף שקל: מכירת החיסול של שרי אריסון עלתה לה מאות מיליונים	1
הישג לעובדי שיכון ובינוי - יקבלו 10 מיליון שקל  מענק מכירה	1
"היו""ר הבא של בנה""פ: ""משפטן משכמו ומעלה - או ""נעים מדי""?"	2
ההפתעות של שרי אריסון: פתאום הממזרים שינו את הכללים	1
גופים פיננסיים מחליפים ידיים - ובר וברקת יצטרכו לאחוז חזק במושכות	2
הפרידה מתחילה בתוכה: לשרי אריסון נמאס מהעסקים בארץ	1
